generation,individual_index,fitness,tau,lr,layers,activations
0,0,2.846,0.05,0.008,"[2]","[tanh, relu]"
0,1,2.8086665,0.005,0.002,"[32]","[softmax, leaky_relu]"
0,2,2.8158333,0.001,0.001,"[2]","[relu, tanh]"
0,3,2.8276668,0.001,0.01,"[4, 2, 2]","[relu, softmax, relu, sigmoid]"
0,4,2.8171668,0.02,0.008,"[64, 2, 64]","[tanh, sigmoid, leaky_relu, relu]"
0,5,2.9481668,0.01,0.008,"[64]","[leaky_relu, sigmoid]"
0,6,2.8763332,0.005,0.001,"[2]","[relu, sigmoid]"
0,7,3.307,0.02,0.01,"[64, 2]","[leaky_relu, tanh, leaky_relu]"
0,8,2.9156666,0.001,0.005,"[16, 8, 32, 4]","[tanh, tanh, relu, leaky_relu, softmax]"
0,9,3.3905,0.02,0.008,"[64, 8, 16]","[softmax, sigmoid, sigmoid, leaky_relu]"
0,10,2.891,0.001,0.005,"[32, 8, 2]","[sigmoid, leaky_relu, softmax, sigmoid]"
0,11,2.9403336,0.01,0.001,"[4, 64]","[softmax, leaky_relu, sigmoid]"
1,0,2.8441665,0.001,0.005,"[32, 8, 2]","[sigmoid, leaky_relu, softmax, sigmoid]"
1,1,2.8925,0.001,0.005,"[16, 8, 32, 4]","[tanh, tanh, relu, leaky_relu, softmax]"
1,2,2.8811665,0.01,0.001,"[4, 64]","[softmax, leaky_relu, sigmoid]"
1,3,2.8733332,0.02,0.01,"[64, 8]","[relu, relu, tanh]"
1,4,3.004,0.02,0.008,"[64, 8, 16]","[softmax, sigmoid, sigmoid, leaky_relu]"
1,5,3.0231664,0.01,0.008,"[64]","[leaky_relu, sigmoid]"
1,6,2.8643332,0.001,0.005,"[32, 8, 32, 4]","[sigmoid, leaky_relu, relu, leaky_relu, softmax]"
1,7,2.7633336,0.05,0.005,"[16, 8, 2]","[tanh, tanh, softmax, sigmoid]"
1,8,2.7901666,0.01,0.001,"[4, 64]","[softmax, leaky_relu, sigmoid]"
1,9,2.9886665,0.01,0.01,"[32, 2]","[tanh, relu, relu]"
1,10,2.924,0.01,0.008,"[64]","[softmax, sigmoid]"
1,11,3.168,0.01,0.008,"[64, 8, 16]","[leaky_relu, sigmoid, sigmoid, leaky_relu]"
2,0,2.7228332,0.01,0.008,"[32, 64, 16]","[tanh, sigmoid, relu, softmax]"
2,1,2.7771666,0.01,0.008,"[64]","[softmax, sigmoid]"
2,2,3.020333,0.02,0.008,"[64]","[leaky_relu, sigmoid]"
2,3,2.9005,0.02,0.008,"[64, 8, 16]","[softmax, sigmoid, sigmoid, leaky_relu]"
2,4,2.9351666,0.01,0.01,"[32, 2]","[tanh, relu, relu]"
2,5,2.9883332,0.01,0.005,"[32]","[sigmoid, relu]"
2,6,2.7848334,0.01,0.008,"[64]","[leaky_relu, sigmoid]"
2,7,3.4121666,0.01,0.008,"[64, 8, 16]","[softmax, sigmoid, sigmoid, leaky_relu]"
2,8,2.9181664,0.02,0.002,"[64, 8, 16]","[leaky_relu, sigmoid, sigmoid, leaky_relu]"
2,9,2.7795,0.01,0.008,"[64]","[softmax, sigmoid]"
2,10,2.844,0.05,0.005,"[32, 8, 32, 4]","[tanh, relu, relu, leaky_relu, softmax]"
2,11,2.944,0.001,0.01,"[16, 2]","[tanh, tanh, relu]"
3,0,2.916,0.02,0.002,"[2, 16]","[softmax, relu, tanh]"
3,1,2.8653333,0.001,0.01,"[32]","[sigmoid, relu]"
3,2,2.9463332,0.01,0.008,"[64, 8, 16]","[softmax, sigmoid, sigmoid, leaky_relu]"
3,3,2.8043332,0.001,0.01,"[32, 2]","[tanh, relu, relu]"
3,4,2.8678336,0.02,0.008,"[64]","[leaky_relu, sigmoid]"
3,5,2.9845,0.001,0.002,"[16, 2]","[tanh, tanh, relu]"
3,6,2.8956666,0.01,0.002,"[64]","[leaky_relu, sigmoid]"
3,7,2.9608333,0.01,0.005,"[32, 8, 16]","[sigmoid, relu, sigmoid, leaky_relu]"
3,8,2.7376668,0.05,0.01,"[64, 8]","[softmax, sigmoid, sigmoid]"
3,9,2.7603335,0.01,0.008,"[32, 2, 16]","[tanh, relu, relu, leaky_relu]"
3,10,2.9171665,0.01,0.005,"[64, 2]","[leaky_relu, sigmoid, relu]"
3,11,2.8685,0.001,0.008,"[16]","[tanh, tanh]"
4,0,2.7963336,0.01,0.005,"[64, 64, 2]","[tanh, leaky_relu, relu, softmax]"
4,1,3.021,0.01,0.008,"[64, 8, 16]","[softmax, sigmoid, sigmoid, leaky_relu]"
4,2,3.518,0.02,0.002,"[2, 32, 64, 16]","[relu, relu, softmax, tanh, leaky_relu]"
4,3,2.9576664,0.001,0.002,"[16, 2]","[tanh, tanh, relu]"
4,4,2.8216665,0.02,0.005,"[64, 2]","[leaky_relu, sigmoid, relu]"
4,5,2.883,0.01,0.002,"[64]","[leaky_relu, sigmoid]"
4,6,2.9091666,0.01,0.005,"[64]","[sigmoid, tanh]"
4,7,2.8736665,0.01,0.002,"[4]","[relu, sigmoid]"
4,8,2.9796667,0.02,0.002,"[2, 2]","[softmax, relu, relu]"
4,9,2.8186667,0.02,0.01,"[16, 16]","[tanh, tanh, tanh]"
4,10,2.9015,0.01,0.002,"[64]","[leaky_relu, sigmoid]"
4,11,2.9121666,0.01,0.005,"[64, 2]","[leaky_relu, sigmoid, relu]"
5,0,2.9051664,0.001,0.008,"[64, 2]","[leaky_relu, sigmoid, relu]"
5,1,3.1223335,0.001,0.002,"[16, 2]","[tanh, tanh, relu]"
5,2,2.8955,0.02,0.002,"[2, 16]","[relu, relu, leaky_relu]"
5,3,2.8516665,0.02,0.002,"[2, 32, 64, 8]","[sigmoid, sigmoid, relu, softmax, leaky_relu]"
5,4,3.382,0.02,0.008,"[64, 8, 16]","[softmax, sigmoid, sigmoid, leaky_relu]"
5,5,2.9326665,0.01,0.005,"[64]","[sigmoid, tanh]"
5,6,2.9023333,0.001,0.005,"[64, 2]","[leaky_relu, sigmoid, relu]"
5,7,3.196,0.01,0.002,"[16, 2]","[tanh, tanh, relu]"
5,8,2.8,0.02,0.002,"[2, 32, 64, 16]","[softmax, relu, softmax, tanh, leaky_relu]"
5,9,2.8156664,0.02,0.002,"[2]","[relu, leaky_relu]"
5,10,2.8875,0.005,0.005,"[64]","[softmax, sigmoid]"
5,11,2.834,0.01,0.005,"[64, 8, 16]","[sigmoid, tanh, sigmoid, leaky_relu]"
6,0,3.1066666,0.01,0.002,"[16, 2]","[tanh, tanh, relu]"
6,1,2.8918335,0.01,0.005,"[64]","[sigmoid, tanh]"
6,2,2.8965,0.001,0.008,"[64, 2]","[leaky_relu, sigmoid, relu]"
6,3,2.9145,0.001,0.005,"[64, 2]","[leaky_relu, sigmoid, relu]"
6,4,2.9501665,0.001,0.002,"[16, 2]","[tanh, tanh, relu]"
6,5,3.1038332,0.02,0.008,"[64, 8, 16]","[softmax, sigmoid, sigmoid, leaky_relu]"
6,6,2.9931664,0.01,0.005,"[2, 2]","[relu, tanh, relu]"
6,7,2.9006665,0.01,0.002,"[64, 2]","[sigmoid, tanh, relu]"
6,8,2.839,0.001,0.005,"[64, 2]","[leaky_relu, sigmoid, relu]"
6,9,2.8675,0.001,0.005,"[64, 2]","[leaky_relu, sigmoid, relu]"
6,10,2.9191666,0.001,0.002,"[16, 8, 16]","[tanh, tanh, sigmoid, leaky_relu]"
6,11,2.9348333,0.02,0.002,"[64, 2]","[softmax, sigmoid, relu]"
7,0,3.3846664,0.005,0.005,"[2, 2]","[relu, tanh, relu]"
7,1,3.0943332,0.05,0.002,"[16, 2]","[tanh, tanh, relu]"
7,2,2.9008334,0.02,0.002,"[64, 2]","[softmax, sigmoid, relu]"
7,3,3.144,0.001,0.002,"[16, 2]","[tanh, tanh, relu]"
7,4,3.416,0.01,0.008,"[64, 8, 16]","[softmax, sigmoid, sigmoid, leaky_relu]"
7,5,3.1135,0.001,0.002,"[16, 8, 16]","[tanh, tanh, sigmoid, leaky_relu]"
7,6,3.0356665,0.005,0.002,"[2, 2]","[relu, tanh, relu]"
7,7,3.0593333,0.01,0.005,"[16, 2]","[tanh, tanh, relu]"
7,8,3.1346664,0.001,0.002,"[64, 2]","[softmax, sigmoid, relu]"
7,9,2.8926666,0.02,0.002,"[16, 2]","[tanh, tanh, relu]"
7,10,2.9745,0.02,0.002,"[64, 8, 16]","[softmax, sigmoid, sigmoid, leaky_relu]"
7,11,2.9348333,0.02,0.002,"[16, 8, 16]","[tanh, tanh, sigmoid, leaky_relu]"
8,0,2.9438334,0.05,0.008,"[64, 8, 16]","[softmax, sigmoid, sigmoid, leaky_relu]"
8,1,3.1501667,0.05,0.002,"[16, 2]","[tanh, tanh, relu]"
8,2,2.9153333,0.001,0.002,"[16, 2]","[tanh, tanh, relu]"
8,3,3.4188333,0.01,0.005,"[2, 2]","[relu, tanh, relu]"
8,4,3.1853333,0.005,0.002,"[16, 8, 16]","[tanh, tanh, sigmoid, leaky_relu]"
8,5,2.8261664,0.001,0.002,"[64, 2]","[softmax, sigmoid, relu]"
8,6,2.7926664,0.05,0.008,"[64, 8]","[softmax, sigmoid, sigmoid]"
8,7,2.769,0.05,0.002,"[16, 2, 16]","[tanh, tanh, relu, leaky_relu]"
8,8,2.9186666,0.02,0.005,"[16, 2]","[tanh, tanh, relu]"
8,9,2.7913332,0.005,0.005,"[2, 2]","[relu, tanh, relu]"
8,10,3.0305,0.01,0.001,"[16, 2]","[tanh, tanh, relu]"
8,11,2.7705,0.001,0.002,"[64, 8, 16]","[softmax, sigmoid, sigmoid, leaky_relu]"
9,0,2.901,0.01,0.005,"[2, 2]","[relu, tanh, relu]"
9,1,2.868,0.005,0.002,"[2, 8]","[softmax, relu, relu]"
9,2,2.8833332,0.01,0.001,"[16, 2]","[tanh, tanh, relu]"
9,3,3.0015,0.02,0.005,"[16, 2]","[tanh, tanh, relu]"
9,4,2.8181665,0.05,0.008,"[64, 8, 16]","[softmax, sigmoid, sigmoid, leaky_relu]"
9,5,3.1061666,0.05,0.002,"[16, 2]","[tanh, tanh, relu]"
9,6,3.2935,0.01,0.002,"[2, 8, 16]","[relu, tanh, sigmoid, leaky_relu]"
9,7,2.951333,0.005,0.002,"[16, 2]","[tanh, tanh, relu]"
9,8,3.0338333,0.01,0.005,"[16, 2]","[tanh, tanh, relu]"
9,9,3.1051664,0.005,0.001,"[16, 2]","[tanh, tanh, relu]"
9,10,2.8346667,0.05,0.008,"[64, 8]","[softmax, sigmoid, sigmoid]"
9,11,2.908,0.05,0.002,"[16, 2, 16]","[tanh, tanh, relu, leaky_relu]"
10,0,3.5203333,0.01,0.002,"[2, 8, 16]","[relu, tanh, sigmoid, leaky_relu]"
10,1,3.1868331,0.05,0.008,"[16, 2]","[tanh, tanh, relu]"
10,2,3.0045,0.01,0.005,"[16, 2]","[tanh, tanh, relu]"
10,3,2.9228332,0.005,0.002,"[16, 2]","[tanh, tanh, relu]"
10,4,3.0471666,0.005,0.001,"[16, 2]","[tanh, tanh, relu]"
10,5,3.2673333,0.02,0.005,"[16, 2]","[tanh, tanh, relu]"
10,6,3.0401666,0.01,0.002,"[2, 2]","[relu, tanh, relu]"
10,7,3.053,0.01,0.002,"[16, 8, 16]","[tanh, tanh, sigmoid, leaky_relu]"
10,8,3.0195,0.01,0.005,"[16, 2]","[tanh, tanh, relu]"
10,9,3.0451665,0.005,0.002,"[16, 2]","[tanh, tanh, relu]"
10,10,2.9491665,0.02,0.001,"[4, 64, 2, 2]","[relu, relu, relu, relu, leaky_relu]"
10,11,2.8983333,0.005,0.001,"[16, 2]","[tanh, tanh, relu]"
11,0,2.983,0.02,0.005,"[16, 2]","[tanh, tanh, relu]"
11,1,2.858,0.005,0.001,"[16, 2]","[tanh, tanh, relu]"
11,2,3.0485,0.005,0.002,"[16, 2]","[tanh, tanh, relu]"
11,3,3.2368333,0.01,0.002,"[16, 8, 16]","[tanh, tanh, sigmoid, leaky_relu]"
11,4,3.0455,0.05,0.008,"[16, 2]","[tanh, tanh, relu]"
11,5,3.3595,0.01,0.002,"[2, 8, 16]","[relu, tanh, sigmoid, leaky_relu]"
11,6,3.0315,0.02,0.001,"[16, 2]","[tanh, tanh, relu]"
11,7,3.0616665,0.02,0.001,"[16, 2]","[tanh, tanh, relu]"
11,8,3.112,0.01,0.002,"[16, 8, 16]","[tanh, tanh, sigmoid, leaky_relu]"
11,9,2.9031665,0.005,0.002,"[16, 2]","[tanh, tanh, relu]"
11,10,2.7668335,0.05,0.002,"[16, 8, 16]","[tanh, tanh, sigmoid, leaky_relu]"
11,11,2.9578335,0.05,0.008,"[4, 2, 64, 32]","[relu, leaky_relu, sigmoid, leaky_relu, softmax]"
12,0,2.9316669,0.02,0.001,"[16, 2]","[tanh, tanh, relu]"
12,1,2.9553335,0.005,0.002,"[16, 2]","[tanh, tanh, relu]"
12,2,3.3241665,0.01,0.002,"[2, 8, 16]","[relu, tanh, sigmoid, leaky_relu]"
12,3,3.0131664,0.01,0.002,"[16, 8, 16]","[tanh, tanh, sigmoid, leaky_relu]"
12,4,3.0063334,0.05,0.008,"[16, 2]","[tanh, tanh, relu]"
12,5,3.1798332,0.01,0.002,"[16, 8, 16]","[tanh, tanh, sigmoid, leaky_relu]"
12,6,3.0383332,0.01,0.001,"[16, 2]","[tanh, tanh, relu]"
12,7,2.9528332,0.005,0.002,"[16, 2]","[tanh, tanh, relu]"
12,8,3.3151665,0.01,0.002,"[2, 8, 16]","[relu, tanh, sigmoid, leaky_relu]"
12,9,2.8628333,0.01,0.002,"[16, 8, 16]","[tanh, tanh, sigmoid, leaky_relu]"
12,10,3.0023332,0.05,0.002,"[16, 2, 16]","[tanh, tanh, relu, leaky_relu]"
12,11,2.841,0.01,0.008,"[16, 8]","[tanh, tanh, sigmoid]"
13,0,3.017333,0.01,0.002,"[2, 8, 16]","[relu, tanh, sigmoid, leaky_relu]"
13,1,3.0013332,0.01,0.001,"[16, 4]","[leaky_relu, relu, softmax]"
13,2,3.0493333,0.01,0.002,"[16, 8, 16]","[tanh, tanh, sigmoid, leaky_relu]"
13,3,3.048,0.05,0.008,"[16, 2]","[tanh, tanh, relu]"
13,4,2.9818335,0.01,0.002,"[16, 8, 16]","[tanh, tanh, sigmoid, leaky_relu]"
13,5,3.184,0.01,0.002,"[2, 8, 16]","[relu, tanh, sigmoid, leaky_relu]"
13,6,2.9421666,0.01,0.002,"[2, 2]","[relu, tanh, relu]"
13,7,3.0216668,0.01,0.002,"[16, 8, 16]","[tanh, tanh, sigmoid, leaky_relu]"
13,8,3.221,0.05,0.008,"[16, 2]","[tanh, tanh, relu]"
13,9,2.9086666,0.05,0.008,"[16, 8, 16]","[tanh, tanh, sigmoid, leaky_relu]"
13,10,3.091833,0.01,0.002,"[16, 8, 16]","[tanh, tanh, sigmoid, leaky_relu]"
13,11,2.9715,0.01,0.002,"[32, 16, 32, 32]","[sigmoid, sigmoid, softmax, tanh, relu]"
14,0,3.1998332,0.05,0.008,"[16, 2]","[tanh, tanh, relu]"
14,1,3.030333,0.01,0.002,"[16, 8, 16]","[tanh, tanh, sigmoid, leaky_relu]"
14,2,3.071,0.05,0.008,"[16, 2]","[tanh, tanh, relu]"
14,3,3.4019997,0.01,0.002,"[2, 8, 16]","[relu, tanh, sigmoid, leaky_relu]"
14,4,3.375,0.01,0.002,"[16, 8, 16]","[tanh, tanh, sigmoid, leaky_relu]"
14,5,3.024,0.01,0.002,"[16, 8, 16]","[tanh, tanh, sigmoid, leaky_relu]"
14,6,3.2684999,0.01,0.002,"[16, 8, 16]","[tanh, tanh, sigmoid, leaky_relu]"
14,7,2.8523333,0.01,0.008,"[4, 4, 64, 2]","[tanh, relu, relu, softmax, tanh]"
14,8,2.8575,0.05,0.008,"[16, 2, 16]","[tanh, tanh, relu, leaky_relu]"
14,9,2.7673333,0.05,0.008,"[2, 8]","[relu, tanh, sigmoid]"
14,10,3.1143332,0.01,0.002,"[16, 8, 16]","[tanh, tanh, sigmoid, leaky_relu]"
14,11,3.0066664,0.01,0.002,"[16, 8, 16]","[tanh, tanh, sigmoid, leaky_relu]"
15,0,2.8105,0.01,0.002,"[16, 8, 16]","[tanh, tanh, sigmoid, leaky_relu]"
15,1,2.8133335,0.05,0.008,"[16, 64]","[leaky_relu, leaky_relu, softmax]"
15,2,3.1931665,0.05,0.008,"[16, 2]","[tanh, tanh, relu]"
15,3,3.1708333,0.01,0.002,"[2, 8, 16]","[relu, tanh, sigmoid, leaky_relu]"
15,4,3.233833,0.01,0.002,"[16, 8, 16]","[tanh, tanh, sigmoid, leaky_relu]"
15,5,2.8768332,0.01,0.002,"[16, 8, 16]","[tanh, tanh, sigmoid, leaky_relu]"
15,6,2.852,0.05,0.002,"[16, 8]","[tanh, tanh, sigmoid]"
15,7,2.861,0.05,0.008,"[16, 2, 16]","[tanh, tanh, relu, leaky_relu]"
15,8,2.8891666,0.05,0.002,"[64, 4, 32, 2]","[softmax, softmax, relu, softmax, relu]"
15,9,2.8403332,0.01,0.008,"[2, 2]","[relu, tanh, relu]"
15,10,3.2265,0.01,0.01,"[16, 8, 16]","[tanh, tanh, sigmoid, leaky_relu]"
15,11,3.1548333,0.01,0.002,"[16, 8, 16]","[tanh, tanh, sigmoid, leaky_relu]"
16,0,3.3118331,0.01,0.01,"[4, 16]","[sigmoid, sigmoid, leaky_relu]"
16,1,2.9385,0.01,0.002,"[16, 8, 16]","[tanh, tanh, sigmoid, leaky_relu]"
16,2,2.9705,0.01,0.002,"[16, 8, 16]","[tanh, tanh, sigmoid, leaky_relu]"
16,3,2.8823333,0.001,0.002,"[64, 4, 32, 2]","[softmax, softmax, relu, softmax, relu]"
16,4,3.184,0.01,0.002,"[2, 8, 16]","[relu, tanh, sigmoid, leaky_relu]"
16,5,3.0031667,0.05,0.008,"[16, 2]","[tanh, tanh, relu]"
16,6,2.911333,0.001,0.002,"[16, 8, 16]","[tanh, tanh, sigmoid, leaky_relu]"
16,7,3.225833,0.01,0.01,"[16, 8, 16]","[tanh, tanh, sigmoid, leaky_relu]"
16,8,2.9248335,0.01,0.002,"[16, 64, 64, 16]","[sigmoid, tanh, softmax, sigmoid, sigmoid]"
16,9,2.8955,0.01,0.002,"[64, 8, 16]","[softmax, softmax, sigmoid, leaky_relu]"
16,10,2.9003332,0.05,0.002,"[2, 8]","[relu, tanh, sigmoid]"
16,11,3.0026665,0.05,0.002,"[16, 2, 16]","[tanh, tanh, relu, leaky_relu]"
17,0,3.243333,0.01,0.01,"[4, 16]","[sigmoid, sigmoid, leaky_relu]"
17,1,2.753,0.05,0.002,"[16, 2, 16]","[tanh, tanh, relu, leaky_relu]"
17,2,3.093,0.05,0.008,"[16, 2]","[tanh, tanh, relu]"
17,3,2.8521667,0.01,0.002,"[2, 8, 16]","[relu, tanh, sigmoid, leaky_relu]"
17,4,2.9195,0.005,0.002,"[16, 8, 16]","[tanh, tanh, sigmoid, leaky_relu]"
17,5,3.0583332,0.01,0.01,"[16, 8, 16]","[tanh, tanh, sigmoid, leaky_relu]"
17,6,2.8286664,0.01,0.01,"[4, 2, 16]","[sigmoid, sigmoid, relu, leaky_relu]"
17,7,3.2448332,0.01,0.002,"[16, 16]","[tanh, tanh, leaky_relu]"
17,8,2.841,0.05,0.002,"[16, 2, 16]","[tanh, tanh, relu, leaky_relu]"
17,9,2.9625,0.05,0.008,"[2, 8]","[relu, tanh, sigmoid]"
17,10,3.0428333,0.01,0.01,"[16, 8, 16]","[tanh, tanh, sigmoid, leaky_relu]"
17,11,2.931,0.05,0.002,"[16, 8, 16]","[tanh, tanh, sigmoid, leaky_relu]"
18,0,2.994,0.05,0.008,"[4, 32, 4, 32]","[softmax, tanh, tanh, relu, softmax]"
18,1,3.152,0.01,0.002,"[16, 16]","[tanh, tanh, leaky_relu]"
18,2,3.0643332,0.01,0.01,"[16, 8, 16]","[tanh, tanh, sigmoid, leaky_relu]"
18,3,3.0819998,0.02,0.01,"[16, 8, 16]","[tanh, tanh, sigmoid, leaky_relu]"
18,4,2.8833332,0.05,0.008,"[64, 2, 16]","[relu, sigmoid, leaky_relu, softmax]"
18,5,3.3476665,0.01,0.002,"[4, 16]","[sigmoid, sigmoid, leaky_relu]"
18,6,2.9136665,0.01,0.008,"[16]","[tanh, tanh]"
18,7,3.137333,0.01,0.008,"[16, 16]","[tanh, tanh, leaky_relu]"
18,8,3.0666666,0.005,0.01,"[16, 8, 16]","[tanh, tanh, sigmoid, leaky_relu]"
18,9,2.9091666,0.01,0.01,"[8, 32, 64]","[leaky_relu, tanh, softmax, sigmoid]"
18,10,2.8083334,0.05,0.008,"[2, 64, 32, 4]","[relu, relu, softmax, leaky_relu, softmax]"
18,11,2.9026666,0.01,0.008,"[4]","[softmax, relu]"
19,0,3.5168333,0.01,0.002,"[4, 16]","[sigmoid, sigmoid, leaky_relu]"
19,1,3.1141667,0.02,0.01,"[16, 8, 16]","[tanh, tanh, sigmoid, leaky_relu]"
19,2,2.9248333,0.01,0.008,"[16]","[softmax, leaky_relu]"
19,3,3.1275,0.01,0.01,"[16, 8, 16]","[tanh, tanh, sigmoid, leaky_relu]"
19,4,3.087,0.01,0.002,"[16, 16]","[tanh, tanh, leaky_relu]"
19,5,2.9805,0.005,0.01,"[16, 8, 16]","[tanh, tanh, sigmoid, leaky_relu]"
19,6,3.2301664,0.01,0.01,"[4, 8, 16]","[sigmoid, sigmoid, sigmoid, leaky_relu]"
19,7,3.273,0.005,0.01,"[16, 16]","[tanh, tanh, leaky_relu]"
19,8,2.968,0.01,0.008,"[16, 8, 16]","[tanh, tanh, sigmoid, leaky_relu]"
19,9,3.0881665,0.01,0.01,"[16, 16]","[tanh, tanh, leaky_relu]"
19,10,3.0583332,0.005,0.002,"[16, 16, 16]","[tanh, tanh, leaky_relu, leaky_relu]"
19,11,2.8231666,0.005,0.01,"[16, 8]","[tanh, tanh, sigmoid]"
20,0,3.4131665,0.01,0.01,"[4, 8, 16]","[sigmoid, sigmoid, sigmoid, leaky_relu]"
20,1,3.2313333,0.01,0.002,"[4, 16]","[sigmoid, sigmoid, leaky_relu]"
20,2,3.0868335,0.02,0.01,"[16, 8, 16]","[tanh, tanh, sigmoid, leaky_relu]"
20,3,3.2078333,0.01,0.01,"[16, 8, 16]","[tanh, tanh, sigmoid, leaky_relu]"
20,4,3.1033332,0.01,0.008,"[16, 16]","[tanh, tanh, leaky_relu]"
20,5,3.1321669,0.005,0.01,"[16, 16]","[tanh, tanh, leaky_relu]"
20,6,2.7586665,0.01,0.01,"[4, 8]","[sigmoid, sigmoid, sigmoid]"
20,7,3.0886664,0.01,0.002,"[4, 16, 16]","[sigmoid, sigmoid, leaky_relu, leaky_relu]"
20,8,3.0328333,0.02,0.01,"[16, 8, 16]","[tanh, tanh, sigmoid, leaky_relu]"
20,9,3.1023333,0.02,0.01,"[16, 8, 16]","[tanh, tanh, sigmoid, leaky_relu]"
20,10,3.0771666,0.005,0.01,"[16, 16]","[tanh, tanh, leaky_relu]"
20,11,3.066,0.01,0.01,"[16, 16]","[tanh, tanh, leaky_relu]"
21,0,3.3403332,0.02,0.01,"[16, 8, 16]","[tanh, tanh, sigmoid, leaky_relu]"
21,1,2.9636664,0.005,0.01,"[4, 2, 32]","[tanh, tanh, sigmoid, relu]"
21,2,3.0233333,0.01,0.01,"[16, 8, 16]","[tanh, tanh, sigmoid, leaky_relu]"
21,3,3.3336666,0.01,0.002,"[4, 16]","[sigmoid, sigmoid, leaky_relu]"
21,4,3.0135,0.01,0.008,"[16, 16]","[tanh, tanh, leaky_relu]"
21,5,3.2211666,0.01,0.01,"[4, 8, 16]","[sigmoid, sigmoid, sigmoid, leaky_relu]"
21,6,2.8959997,0.005,0.01,"[16, 8]","[tanh, tanh, sigmoid]"
21,7,2.8973331,0.02,0.01,"[16, 16, 16]","[tanh, tanh, leaky_relu, leaky_relu]"
21,8,2.9218333,0.001,0.01,"[16, 16]","[tanh, tanh, leaky_relu]"
21,9,3.4278333,0.01,0.005,"[4, 8, 16]","[sigmoid, sigmoid, sigmoid, leaky_relu]"
21,10,3.0821664,0.01,0.01,"[16, 8, 16]","[tanh, tanh, sigmoid, leaky_relu]"
21,11,3.1396666,0.01,0.01,"[4, 16]","[sigmoid, sigmoid, leaky_relu]"
22,0,3.2211666,0.01,0.01,"[4, 16]","[sigmoid, sigmoid, leaky_relu]"
22,1,3.1595,0.02,0.01,"[16, 8, 16]","[tanh, tanh, sigmoid, leaky_relu]"
22,2,3.5,0.01,0.002,"[4, 16]","[sigmoid, sigmoid, leaky_relu]"
22,3,3.3225,0.01,0.01,"[16, 8, 16]","[tanh, tanh, sigmoid, leaky_relu]"
22,4,3.3105,0.01,0.01,"[4, 8, 16]","[sigmoid, sigmoid, sigmoid, leaky_relu]"
22,5,3.4178336,0.01,0.005,"[4, 8, 16]","[sigmoid, sigmoid, sigmoid, leaky_relu]"
22,6,3.105,0.01,0.01,"[4, 8, 16]","[sigmoid, sigmoid, sigmoid, leaky_relu]"
22,7,3.002,0.01,0.01,"[2, 4]","[tanh, relu, leaky_relu]"
22,8,3.0783334,0.005,0.01,"[4, 16, 16]","[sigmoid, sigmoid, leaky_relu, leaky_relu]"
22,9,2.8985,0.01,0.01,"[16, 8]","[tanh, tanh, sigmoid]"
22,10,3.2361665,0.01,0.01,"[4, 8, 16]","[sigmoid, sigmoid, sigmoid, leaky_relu]"
22,11,3.2745,0.01,0.01,"[4, 8, 16]","[sigmoid, sigmoid, sigmoid, leaky_relu]"
23,0,3.2895,0.01,0.01,"[4, 8, 16]","[sigmoid, sigmoid, sigmoid, leaky_relu]"
23,1,3.2281666,0.01,0.01,"[16, 8, 16]","[tanh, tanh, sigmoid, leaky_relu]"
23,2,3.6021664,0.01,0.005,"[4, 8, 16]","[sigmoid, sigmoid, sigmoid, leaky_relu]"
23,3,2.8363333,0.01,0.01,"[64, 2, 8]","[tanh, sigmoid, softmax, tanh]"
23,4,2.8226664,0.01,0.002,"[2, 8, 32, 64]","[softmax, relu, leaky_relu, softmax, leaky_relu]"
23,5,3.304,0.02,0.01,"[4, 8, 16]","[sigmoid, sigmoid, sigmoid, leaky_relu]"
23,6,3.0081666,0.01,0.01,"[4, 8, 16]","[sigmoid, sigmoid, sigmoid, leaky_relu]"
23,7,2.884,0.01,0.01,"[16, 2]","[tanh, softmax, sigmoid]"
23,8,3.3586664,0.01,0.01,"[4, 8, 16]","[sigmoid, sigmoid, sigmoid, leaky_relu]"
23,9,3.135,0.01,0.005,"[64]","[sigmoid, leaky_relu]"
23,10,2.9383333,0.01,0.01,"[4, 16, 16]","[sigmoid, sigmoid, leaky_relu, leaky_relu]"
23,11,2.8975,0.01,0.001,"[4, 8]","[sigmoid, sigmoid, sigmoid]"
24,0,3.2855,0.01,0.005,"[4, 8, 16]","[sigmoid, sigmoid, sigmoid, leaky_relu]"
24,1,3.4741664,0.01,0.008,"[4, 8, 16]","[sigmoid, sigmoid, sigmoid, leaky_relu]"
24,2,2.8265,0.01,0.001,"[8, 8]","[leaky_relu, relu, leaky_relu]"
24,3,3.232,0.02,0.01,"[4, 8, 16]","[sigmoid, sigmoid, sigmoid, leaky_relu]"
24,4,3.271333,0.01,0.01,"[4, 8, 16]","[sigmoid, sigmoid, sigmoid, leaky_relu]"
24,5,2.877,0.01,0.01,"[32, 4]","[leaky_relu, sigmoid, tanh]"
24,6,3.2505,0.05,0.001,"[4, 8, 16]","[sigmoid, sigmoid, sigmoid, leaky_relu]"
24,7,3.5436666,0.01,0.005,"[4, 8, 16]","[sigmoid, sigmoid, sigmoid, leaky_relu]"
24,8,3.1276665,0.02,0.01,"[64, 8, 16]","[sigmoid, leaky_relu, sigmoid, leaky_relu]"
24,9,3.1663332,0.01,0.005,"[16, 32, 4, 32]","[tanh, tanh, relu, softmax, softmax]"
24,10,3.1858332,0.01,0.01,"[4, 8, 16]","[sigmoid, sigmoid, sigmoid, leaky_relu]"
24,11,3.0503333,0.01,0.01,"[16, 8, 16]","[tanh, tanh, sigmoid, leaky_relu]"
25,0,2.8908331,0.01,0.01,"[2, 4, 8]","[tanh, relu, relu, tanh]"
25,1,3.2165,0.01,0.001,"[4, 8, 16]","[sigmoid, sigmoid, sigmoid, leaky_relu]"
25,2,2.7715,0.01,0.008,"[2, 4]","[leaky_relu, tanh, sigmoid]"
25,3,3.2491665,0.05,0.001,"[4, 8, 16]","[sigmoid, sigmoid, sigmoid, leaky_relu]"
25,4,3.2515,0.02,0.01,"[4, 8, 16]","[sigmoid, sigmoid, sigmoid, leaky_relu]"
25,5,3.3863332,0.01,0.005,"[4, 8, 16]","[sigmoid, sigmoid, sigmoid, leaky_relu]"
25,6,3.2716665,0.01,0.01,"[4, 8, 16]","[sigmoid, sigmoid, sigmoid, leaky_relu]"
25,7,2.9466665,0.01,0.01,"[32, 16, 2, 32]","[sigmoid, relu, relu, tanh, relu]"
25,8,3.3365,0.01,0.008,"[4, 8, 16]","[sigmoid, sigmoid, sigmoid, leaky_relu]"
25,9,2.9158335,0.01,0.001,"[4, 8, 16]","[sigmoid, sigmoid, sigmoid, leaky_relu]"
25,10,3.2718332,0.02,0.005,"[4, 8, 16]","[sigmoid, sigmoid, sigmoid, leaky_relu]"
25,11,3.4408333,0.01,0.005,"[4, 8, 16]","[sigmoid, sigmoid, sigmoid, leaky_relu]"
26,0,3.118,0.01,0.008,"[4, 8, 16]","[sigmoid, sigmoid, sigmoid, leaky_relu]"
26,1,3.405833,0.02,0.01,"[4, 8, 16]","[sigmoid, sigmoid, sigmoid, leaky_relu]"
26,2,3.2801664,0.01,0.005,"[4, 8, 16]","[sigmoid, sigmoid, sigmoid, leaky_relu]"
26,3,3.2323332,0.02,0.005,"[4, 8, 16]","[sigmoid, sigmoid, sigmoid, leaky_relu]"
26,4,3.3921666,0.01,0.005,"[4, 8, 16]","[sigmoid, sigmoid, sigmoid, leaky_relu]"
26,5,2.9041665,0.01,0.01,"[16, 4, 64]","[leaky_relu, sigmoid, softmax, relu]"
26,6,3.1795,0.02,0.01,"[4, 8, 16]","[sigmoid, sigmoid, sigmoid, leaky_relu]"
26,7,3.1195,0.05,0.008,"[4, 8, 16]","[sigmoid, sigmoid, sigmoid, leaky_relu]"
26,8,3.3726666,0.01,0.005,"[4, 8, 16]","[sigmoid, sigmoid, sigmoid, leaky_relu]"
26,9,2.8111665,0.001,0.005,"[4, 8, 16]","[sigmoid, sigmoid, sigmoid, leaky_relu]"
26,10,3.2546666,0.01,0.005,"[4, 8, 16]","[sigmoid, sigmoid, sigmoid, leaky_relu]"
26,11,3.3238332,0.01,0.01,"[4, 8, 16]","[sigmoid, sigmoid, sigmoid, leaky_relu]"
27,0,3.3638332,0.01,0.005,"[4, 8, 16]","[sigmoid, sigmoid, sigmoid, leaky_relu]"
27,1,3.294333,0.01,0.005,"[4, 8, 16]","[sigmoid, sigmoid, sigmoid, leaky_relu]"
27,2,3.402,0.01,0.01,"[4, 8, 16]","[sigmoid, sigmoid, sigmoid, leaky_relu]"
27,3,3.2711666,0.001,0.01,"[4, 8, 16]","[sigmoid, sigmoid, sigmoid, leaky_relu]"
27,4,3.1743333,0.02,0.01,"[4, 8, 16]","[sigmoid, sigmoid, sigmoid, leaky_relu]"
27,5,3.4216666,0.01,0.005,"[4, 8, 16]","[sigmoid, sigmoid, sigmoid, leaky_relu]"
27,6,3.3191664,0.01,0.008,"[4, 8, 16]","[sigmoid, sigmoid, sigmoid, leaky_relu]"
27,7,2.8598332,0.01,0.005,"[4, 8, 16]","[sigmoid, sigmoid, sigmoid, leaky_relu]"
27,8,3.4044998,0.01,0.005,"[4, 8, 16]","[sigmoid, sigmoid, sigmoid, leaky_relu]"
27,9,3.2503333,0.02,0.01,"[4, 8, 16]","[sigmoid, sigmoid, sigmoid, leaky_relu]"
27,10,3.3956666,0.01,0.01,"[4, 8, 16]","[sigmoid, sigmoid, sigmoid, leaky_relu]"
27,11,3.2153332,0.01,0.01,"[4, 8, 16]","[sigmoid, sigmoid, sigmoid, leaky_relu]"
28,0,3.2286665,0.01,0.005,"[4, 8, 16]","[sigmoid, sigmoid, sigmoid, leaky_relu]"
28,1,3.2713332,0.01,0.005,"[4, 8, 16]","[sigmoid, sigmoid, sigmoid, leaky_relu]"
28,2,3.2216666,0.01,0.01,"[4, 8, 16]","[sigmoid, sigmoid, sigmoid, leaky_relu]"
28,3,3.2451665,0.01,0.01,"[4, 8, 16]","[sigmoid, sigmoid, sigmoid, leaky_relu]"
28,4,3.3255,0.01,0.005,"[4, 8, 16]","[sigmoid, sigmoid, sigmoid, leaky_relu]"
28,5,3.1301665,0.01,0.008,"[4, 4, 64]","[tanh, softmax, relu, relu]"
28,6,3.4399998,0.01,0.005,"[4, 8, 16]","[sigmoid, sigmoid, sigmoid, leaky_relu]"
28,7,3.3908331,0.01,0.005,"[4, 8, 16]","[sigmoid, sigmoid, sigmoid, leaky_relu]"
28,8,3.3125,0.01,0.01,"[4, 8, 16]","[sigmoid, sigmoid, sigmoid, leaky_relu]"
28,9,3.3965,0.01,0.01,"[4, 8, 16]","[sigmoid, sigmoid, sigmoid, leaky_relu]"
28,10,3.2055,0.01,0.008,"[4, 8, 16]","[sigmoid, sigmoid, sigmoid, leaky_relu]"
28,11,2.7591665,0.01,0.005,"[8]","[leaky_relu, leaky_relu]"
29,0,3.311833,0.01,0.01,"[4, 8, 16]","[sigmoid, sigmoid, sigmoid, leaky_relu]"
29,1,2.942,0.01,0.005,"[8, 64, 64]","[relu, tanh, sigmoid, relu]"
29,2,2.8756666,0.001,0.005,"[32, 4, 32, 16]","[relu, tanh, tanh, relu, tanh]"
29,3,3.073,0.01,0.01,"[4, 8, 16]","[sigmoid, sigmoid, sigmoid, leaky_relu]"
29,4,3.3485,0.01,0.005,"[4, 8, 16]","[sigmoid, sigmoid, sigmoid, leaky_relu]"
29,5,3.143,0.01,0.005,"[4, 8, 16]","[sigmoid, sigmoid, sigmoid, leaky_relu]"
29,6,3.3876665,0.01,0.008,"[4, 8, 16]","[sigmoid, sigmoid, sigmoid, leaky_relu]"
29,7,3.488,0.01,0.005,"[4, 8, 16]","[sigmoid, sigmoid, sigmoid, leaky_relu]"
29,8,3.1263335,0.01,0.001,"[4, 8, 16]","[sigmoid, sigmoid, sigmoid, leaky_relu]"
29,9,3.3383334,0.05,0.008,"[4, 8, 16]","[sigmoid, sigmoid, sigmoid, leaky_relu]"
29,10,3.3428333,0.01,0.005,"[4, 8, 16]","[sigmoid, sigmoid, sigmoid, leaky_relu]"
29,11,2.9433331,0.01,0.005,"[32]","[relu, relu]"
30,0,3.399333,0.01,0.005,"[4, 8, 16]","[sigmoid, sigmoid, sigmoid, leaky_relu]"
30,1,3.297333,0.01,0.008,"[4, 8, 16]","[sigmoid, sigmoid, sigmoid, leaky_relu]"
30,2,3.5375,0.01,0.01,"[4, 8, 16]","[sigmoid, sigmoid, sigmoid, leaky_relu]"
30,3,3.4704998,0.01,0.005,"[4, 8, 16]","[sigmoid, sigmoid, sigmoid, leaky_relu]"
30,4,3.1873333,0.05,0.008,"[4, 8, 16]","[sigmoid, sigmoid, sigmoid, leaky_relu]"
30,5,2.932833,0.01,0.005,"[32, 32, 2]","[softmax, relu, sigmoid, leaky_relu]"
30,6,3.357,0.01,0.008,"[4, 8, 16]","[sigmoid, sigmoid, sigmoid, leaky_relu]"
30,7,3.3251665,0.01,0.008,"[4, 8, 16]","[sigmoid, sigmoid, sigmoid, leaky_relu]"
30,8,3.1228335,0.01,0.01,"[4, 8, 16]","[sigmoid, sigmoid, sigmoid, leaky_relu]"
30,9,2.7758336,0.01,0.005,"[16, 4, 8]","[relu, relu, softmax, tanh]"
30,10,2.9281664,0.01,0.005,"[8]","[sigmoid, relu]"
30,11,2.953,0.01,0.008,"[32]","[relu, tanh]"
31,0,3.116,0.02,0.001,"[4, 8, 16]","[sigmoid, sigmoid, sigmoid, leaky_relu]"
31,1,2.8365,0.001,0.008,"[4, 8, 16]","[sigmoid, sigmoid, sigmoid, leaky_relu]"
31,2,3.1831665,0.01,0.01,"[4, 8, 16]","[sigmoid, sigmoid, sigmoid, leaky_relu]"
31,3,2.8533332,0.01,0.001,"[8, 64]","[tanh, sigmoid, tanh]"
31,4,3.178,0.01,0.008,"[4, 8, 16]","[sigmoid, sigmoid, sigmoid, leaky_relu]"
31,5,3.344,0.01,0.005,"[4, 8, 16]","[sigmoid, sigmoid, sigmoid, leaky_relu]"
31,6,3.2383332,0.005,0.008,"[4, 8, 16]","[sigmoid, sigmoid, sigmoid, leaky_relu]"
31,7,3.1136665,0.01,0.01,"[4, 8, 16]","[sigmoid, sigmoid, sigmoid, leaky_relu]"
31,8,3.140333,0.01,0.01,"[4, 8, 16]","[sigmoid, sigmoid, sigmoid, leaky_relu]"
31,9,2.7921667,0.01,0.005,"[4, 32]","[tanh, softmax, sigmoid]"
31,10,3.339,0.01,0.005,"[4, 8, 16]","[sigmoid, sigmoid, sigmoid, leaky_relu]"
31,11,3.2173333,0.01,0.008,"[4, 8, 16]","[sigmoid, sigmoid, sigmoid, leaky_relu]"
32,0,3.4455,0.005,0.008,"[4, 8, 16]","[sigmoid, sigmoid, sigmoid, leaky_relu]"
32,1,3.214,0.01,0.008,"[4, 8, 16]","[sigmoid, sigmoid, sigmoid, leaky_relu]"
32,2,3.1913333,0.01,0.008,"[4, 8, 16]","[sigmoid, sigmoid, sigmoid, leaky_relu]"
32,3,3.3261664,0.01,0.002,"[4, 8, 16]","[sigmoid, sigmoid, sigmoid, leaky_relu]"
32,4,3.2851665,0.01,0.005,"[4, 8, 16]","[sigmoid, sigmoid, sigmoid, leaky_relu]"
32,5,3.3771665,0.01,0.005,"[4, 8, 16]","[sigmoid, sigmoid, sigmoid, leaky_relu]"
32,6,3.1445,0.005,0.008,"[4, 8, 16]","[sigmoid, sigmoid, sigmoid, leaky_relu]"
32,7,3.3018332,0.01,0.008,"[4, 8, 16]","[sigmoid, sigmoid, sigmoid, leaky_relu]"
32,8,3.3871665,0.01,0.01,"[4, 8, 16]","[sigmoid, sigmoid, sigmoid, leaky_relu]"
32,9,3.31,0.01,0.01,"[4, 8, 16]","[sigmoid, sigmoid, sigmoid, leaky_relu]"
32,10,2.8478332,0.01,0.005,"[4, 8, 16]","[sigmoid, sigmoid, sigmoid, leaky_relu]"
32,11,3.4218333,0.01,0.005,"[4, 8, 16]","[sigmoid, sigmoid, sigmoid, leaky_relu]"
33,0,3.3841665,0.005,0.008,"[4, 8, 16]","[sigmoid, sigmoid, sigmoid, leaky_relu]"
33,1,3.1833332,0.01,0.01,"[4, 8, 16]","[sigmoid, sigmoid, sigmoid, leaky_relu]"
33,2,3.1826665,0.01,0.01,"[4, 8, 16]","[sigmoid, sigmoid, sigmoid, leaky_relu]"
33,3,2.8845,0.01,0.005,"[4]","[sigmoid, relu]"
33,4,3.2051666,0.01,0.005,"[4, 8, 16]","[sigmoid, sigmoid, sigmoid, leaky_relu]"
33,5,3.388,0.005,0.01,"[4, 8, 16]","[sigmoid, sigmoid, sigmoid, leaky_relu]"
33,6,3.2901666,0.005,0.01,"[4, 8, 16]","[sigmoid, sigmoid, sigmoid, leaky_relu]"
33,7,3.342833,0.01,0.01,"[4, 8, 16]","[sigmoid, sigmoid, sigmoid, leaky_relu]"
33,8,3.2913332,0.01,0.01,"[4, 8, 16]","[sigmoid, sigmoid, sigmoid, leaky_relu]"
33,9,3.364,0.01,0.005,"[4, 8, 16]","[sigmoid, sigmoid, sigmoid, leaky_relu]"
33,10,3.2126665,0.01,0.005,"[4, 8, 16]","[sigmoid, sigmoid, sigmoid, leaky_relu]"
33,11,3.312333,0.01,0.005,"[4, 8, 16]","[sigmoid, sigmoid, sigmoid, leaky_relu]"
34,0,3.287,0.01,0.005,"[4, 8, 16]","[sigmoid, sigmoid, sigmoid, leaky_relu]"
34,1,3.2266665,0.01,0.001,"[4, 8, 16]","[sigmoid, sigmoid, sigmoid, leaky_relu]"
34,2,3.2269998,0.005,0.008,"[4, 8, 16]","[sigmoid, sigmoid, sigmoid, leaky_relu]"
34,3,3.1266665,0.01,0.01,"[4, 8, 16]","[sigmoid, sigmoid, sigmoid, leaky_relu]"
34,4,3.3753333,0.005,0.01,"[4, 8, 16]","[sigmoid, sigmoid, sigmoid, leaky_relu]"
34,5,3.3275,0.01,0.01,"[4, 8, 16]","[sigmoid, sigmoid, sigmoid, leaky_relu]"
34,6,2.8948333,0.01,0.005,"[16]","[softmax, leaky_relu]"
34,7,2.9845,0.01,0.005,"[4, 8, 16]","[sigmoid, sigmoid, sigmoid, leaky_relu]"
34,8,3.0661664,0.005,0.01,"[4, 8, 16]","[sigmoid, sigmoid, sigmoid, leaky_relu]"
34,9,3.3366666,0.01,0.008,"[4, 8, 16]","[sigmoid, sigmoid, sigmoid, leaky_relu]"
34,10,3.4019997,0.01,0.01,"[4, 8, 16]","[sigmoid, sigmoid, sigmoid, leaky_relu]"
34,11,3.1283333,0.005,0.01,"[4, 8, 16]","[sigmoid, sigmoid, sigmoid, leaky_relu]"
35,0,3.2293332,0.01,0.01,"[4, 8, 16]","[sigmoid, sigmoid, sigmoid, leaky_relu]"
35,1,2.9345,0.01,0.008,"[4, 8, 16]","[sigmoid, sigmoid, sigmoid, leaky_relu]"
35,2,3.2218332,0.005,0.008,"[4, 8, 16]","[sigmoid, sigmoid, sigmoid, leaky_relu]"
35,3,3.3275,0.01,0.01,"[4, 8, 16]","[sigmoid, sigmoid, sigmoid, leaky_relu]"
35,4,3.3906665,0.005,0.005,"[4, 8, 16]","[sigmoid, sigmoid, sigmoid, leaky_relu]"
35,5,3.2769997,0.005,0.002,"[4, 8, 16]","[sigmoid, sigmoid, sigmoid, leaky_relu]"
35,6,3.3546665,0.01,0.01,"[4, 8, 16]","[sigmoid, sigmoid, sigmoid, leaky_relu]"
35,7,3.1486666,0.01,0.008,"[4, 8, 16]","[sigmoid, sigmoid, sigmoid, leaky_relu]"
35,8,3.1925,0.005,0.008,"[4, 8, 16]","[sigmoid, sigmoid, sigmoid, leaky_relu]"
35,9,3.2105,0.005,0.01,"[4, 8, 16]","[sigmoid, sigmoid, sigmoid, leaky_relu]"
35,10,3.4213333,0.005,0.01,"[4, 8, 16]","[sigmoid, sigmoid, sigmoid, leaky_relu]"
35,11,3.4571664,0.01,0.005,"[4, 8, 16]","[sigmoid, sigmoid, sigmoid, leaky_relu]"
36,0,3.2491665,0.01,0.01,"[4, 8, 16]","[sigmoid, sigmoid, sigmoid, leaky_relu]"
36,1,3.2026665,0.01,0.01,"[4, 8, 16]","[sigmoid, sigmoid, sigmoid, leaky_relu]"
36,2,2.8101666,0.005,0.01,"[2, 8, 8]","[leaky_relu, softmax, tanh, relu]"
36,3,3.2435,0.01,0.001,"[4, 8, 16]","[sigmoid, sigmoid, sigmoid, leaky_relu]"
36,4,3.4641664,0.005,0.002,"[4, 8, 16]","[sigmoid, sigmoid, sigmoid, leaky_relu]"
36,5,3.435333,0.005,0.001,"[4, 8, 16]","[sigmoid, sigmoid, sigmoid, leaky_relu]"
36,6,3.2843332,0.01,0.01,"[4, 8, 16]","[sigmoid, sigmoid, sigmoid, leaky_relu]"
36,7,3.2101665,0.01,0.01,"[4, 8, 16]","[sigmoid, sigmoid, sigmoid, leaky_relu]"
36,8,3.3795,0.01,0.005,"[4, 8, 16]","[sigmoid, sigmoid, sigmoid, leaky_relu]"
36,9,2.7891665,0.01,0.005,"[4, 16, 4, 16]","[relu, tanh, relu, tanh, leaky_relu]"
36,10,3.2078333,0.005,0.01,"[4, 8, 16]","[sigmoid, sigmoid, sigmoid, leaky_relu]"
36,11,3.3361666,0.005,0.008,"[4, 8, 16]","[sigmoid, sigmoid, sigmoid, leaky_relu]"
37,0,3.381333,0.005,0.002,"[4, 8, 16]","[sigmoid, sigmoid, sigmoid, leaky_relu]"
37,1,2.8523333,0.01,0.01,"[32, 32]","[relu, leaky_relu, tanh]"
37,2,3.1633332,0.005,0.008,"[4, 8, 16]","[sigmoid, sigmoid, sigmoid, leaky_relu]"
37,3,3.2558331,0.01,0.005,"[4, 8, 16]","[sigmoid, sigmoid, sigmoid, leaky_relu]"
37,4,3.3103333,0.01,0.01,"[4, 8, 16]","[sigmoid, sigmoid, sigmoid, leaky_relu]"
37,5,2.885,0.005,0.001,"[8, 8, 16]","[tanh, relu, relu, leaky_relu]"
37,6,3.4396667,0.005,0.002,"[4, 8, 16]","[sigmoid, sigmoid, sigmoid, leaky_relu]"
37,7,3.295833,0.005,0.002,"[4, 8, 16]","[sigmoid, sigmoid, sigmoid, leaky_relu]"
37,8,3.2755,0.005,0.008,"[4, 8, 16]","[sigmoid, sigmoid, sigmoid, leaky_relu]"
37,9,3.2875,0.005,0.005,"[4, 8, 16]","[sigmoid, sigmoid, sigmoid, leaky_relu]"
37,10,3.2956665,0.01,0.001,"[4, 8, 16]","[sigmoid, sigmoid, sigmoid, leaky_relu]"
37,11,3.2243333,0.01,0.01,"[4, 8, 16]","[sigmoid, sigmoid, sigmoid, leaky_relu]"
38,0,3.3178332,0.005,0.002,"[4, 8, 16]","[sigmoid, sigmoid, sigmoid, leaky_relu]"
38,1,3.036,0.005,0.002,"[2, 2, 32, 16]","[softmax, relu, sigmoid, sigmoid, softmax]"
38,2,3.3398333,0.005,0.002,"[4, 8, 16]","[sigmoid, sigmoid, sigmoid, leaky_relu]"
38,3,3.0498333,0.01,0.01,"[4, 8, 16]","[sigmoid, sigmoid, sigmoid, leaky_relu]"
38,4,3.2633333,0.005,0.005,"[4, 8, 16]","[sigmoid, sigmoid, sigmoid, leaky_relu]"
38,5,2.8611665,0.01,0.001,"[2]","[relu, leaky_relu]"
38,6,3.37,0.005,0.002,"[4, 8, 16]","[sigmoid, sigmoid, sigmoid, leaky_relu]"
38,7,2.8576665,0.005,0.002,"[4, 8, 16]","[sigmoid, sigmoid, sigmoid, leaky_relu]"
38,8,3.3343332,0.005,0.002,"[4, 8, 16]","[sigmoid, sigmoid, sigmoid, leaky_relu]"
38,9,2.893,0.01,0.002,"[32]","[sigmoid, tanh]"
38,10,2.9266665,0.01,0.005,"[16, 8, 32, 8]","[leaky_relu, sigmoid, sigmoid, softmax, relu]"
38,11,3.35,0.005,0.01,"[4, 8, 16]","[sigmoid, sigmoid, sigmoid, leaky_relu]"
39,0,3.2558331,0.005,0.002,"[4, 8, 16]","[sigmoid, sigmoid, sigmoid, leaky_relu]"
39,1,3.4438334,0.005,0.002,"[4, 8, 16]","[sigmoid, sigmoid, sigmoid, leaky_relu]"
39,2,3.348,0.005,0.001,"[4, 8, 16]","[sigmoid, sigmoid, sigmoid, leaky_relu]"
39,3,3.343833,0.005,0.002,"[4, 8, 16]","[sigmoid, sigmoid, sigmoid, leaky_relu]"
39,4,3.0291665,0.001,0.01,"[64]","[sigmoid, sigmoid]"
39,5,3.1258333,0.005,0.002,"[4, 8, 16]","[sigmoid, sigmoid, sigmoid, leaky_relu]"
39,6,3.4496665,0.01,0.002,"[4, 8, 16]","[sigmoid, sigmoid, sigmoid, leaky_relu]"
39,7,3.1936667,0.05,0.002,"[4, 8, 16]","[sigmoid, sigmoid, sigmoid, leaky_relu]"
39,8,3.543333,0.005,0.005,"[4, 8, 16]","[sigmoid, sigmoid, sigmoid, leaky_relu]"
39,9,2.8463333,0.001,0.002,"[4, 8, 16]","[sigmoid, sigmoid, sigmoid, leaky_relu]"
39,10,3.3205,0.005,0.002,"[4, 8, 16]","[sigmoid, sigmoid, sigmoid, leaky_relu]"
39,11,3.4069998,0.005,0.002,"[4, 8, 16]","[sigmoid, sigmoid, sigmoid, leaky_relu]"
40,0,3.4688334,0.005,0.002,"[4, 8, 16]","[sigmoid, sigmoid, sigmoid, leaky_relu]"
40,1,3.4345,0.005,0.005,"[4, 8, 16]","[sigmoid, sigmoid, sigmoid, leaky_relu]"
40,2,3.1415,0.005,0.002,"[4, 8, 16]","[sigmoid, sigmoid, sigmoid, leaky_relu]"
40,3,3.1555,0.005,0.002,"[4, 8, 16]","[sigmoid, sigmoid, sigmoid, leaky_relu]"
40,4,3.4955,0.01,0.002,"[4, 8, 16]","[sigmoid, sigmoid, sigmoid, leaky_relu]"
40,5,3.306,0.005,0.001,"[4, 8, 16]","[sigmoid, sigmoid, sigmoid, leaky_relu]"
40,6,2.9068334,0.005,0.002,"[4, 16, 8, 64]","[tanh, softmax, sigmoid, softmax, tanh]"
40,7,3.3359997,0.005,0.005,"[4, 8, 16]","[sigmoid, sigmoid, sigmoid, leaky_relu]"
40,8,3.2286665,0.005,0.002,"[4, 8, 16]","[sigmoid, sigmoid, sigmoid, leaky_relu]"
40,9,3.4678335,0.005,0.002,"[4, 8, 16]","[sigmoid, sigmoid, sigmoid, leaky_relu]"
40,10,3.4425,0.01,0.002,"[4, 8, 16]","[sigmoid, sigmoid, sigmoid, leaky_relu]"
40,11,3.3536665,0.005,0.002,"[4, 8, 16]","[sigmoid, sigmoid, sigmoid, leaky_relu]"
41,0,3.3826666,0.005,0.002,"[4, 8, 16]","[sigmoid, sigmoid, sigmoid, leaky_relu]"
41,1,3.5161664,0.005,0.002,"[4, 8, 16]","[sigmoid, sigmoid, sigmoid, leaky_relu]"
41,2,2.8985,0.005,0.01,"[16, 4, 2]","[tanh, sigmoid, tanh, softmax]"
41,3,3.4706664,0.005,0.002,"[4, 8, 16]","[sigmoid, sigmoid, sigmoid, leaky_relu]"
41,4,3.1058333,0.01,0.002,"[32, 8, 32, 64]","[softmax, softmax, leaky_relu, tanh, relu]"
41,5,3.413333,0.02,0.002,"[4, 8, 16]","[sigmoid, sigmoid, sigmoid, leaky_relu]"
41,6,3.3663332,0.005,0.002,"[4, 8, 16]","[sigmoid, sigmoid, sigmoid, leaky_relu]"
41,7,3.4709997,0.005,0.002,"[4, 8, 16]","[sigmoid, sigmoid, sigmoid, leaky_relu]"
41,8,2.9081664,0.005,0.005,"[2, 32, 64]","[sigmoid, tanh, tanh, sigmoid]"
41,9,3.2146666,0.005,0.008,"[4, 8, 16]","[sigmoid, sigmoid, sigmoid, leaky_relu]"
41,10,3.4196665,0.01,0.002,"[4, 8, 16]","[sigmoid, sigmoid, sigmoid, leaky_relu]"
41,11,3.3391664,0.01,0.002,"[4, 8, 16]","[sigmoid, sigmoid, sigmoid, leaky_relu]"
42,0,3.3785,0.02,0.002,"[4, 8, 16]","[sigmoid, sigmoid, sigmoid, leaky_relu]"
42,1,3.318,0.02,0.002,"[4, 8, 16]","[sigmoid, sigmoid, sigmoid, leaky_relu]"
42,2,3.3461668,0.01,0.002,"[4, 8, 16]","[sigmoid, sigmoid, sigmoid, leaky_relu]"
42,3,2.9651666,0.005,0.002,"[4, 8, 16]","[sigmoid, sigmoid, sigmoid, leaky_relu]"
42,4,2.9308333,0.005,0.002,"[16, 64, 16, 32]","[sigmoid, relu, leaky_relu, sigmoid, leaky_relu]"
42,5,2.7736666,0.005,0.002,"[16, 4, 32, 64]","[relu, sigmoid, relu, tanh, softmax]"
42,6,2.896,0.02,0.002,"[4, 8, 16]","[sigmoid, sigmoid, sigmoid, leaky_relu]"
42,7,2.7971668,0.005,0.002,"[32, 4]","[leaky_relu, softmax, tanh]"
42,8,3.3068333,0.005,0.002,"[4, 8, 16]","[sigmoid, sigmoid, sigmoid, leaky_relu]"
42,9,3.377,0.005,0.002,"[4, 8, 16]","[sigmoid, sigmoid, sigmoid, leaky_relu]"
42,10,3.2913332,0.005,0.002,"[4, 8, 16]","[sigmoid, sigmoid, sigmoid, leaky_relu]"
42,11,3.3926666,0.005,0.002,"[4, 8, 16]","[sigmoid, sigmoid, sigmoid, leaky_relu]"
43,0,2.8421664,0.01,0.002,"[8, 4]","[tanh, leaky_relu, sigmoid]"
43,1,3.2108333,0.02,0.002,"[4, 8, 16]","[sigmoid, sigmoid, sigmoid, leaky_relu]"
43,2,3.2066665,0.005,0.002,"[4, 8, 16]","[sigmoid, sigmoid, sigmoid, leaky_relu]"
43,3,3.3156664,0.05,0.002,"[4, 8, 16]","[sigmoid, sigmoid, sigmoid, leaky_relu]"
43,4,2.8006666,0.01,0.002,"[2, 16]","[sigmoid, leaky_relu, sigmoid]"
43,5,3.3093333,0.005,0.002,"[4, 8, 16]","[sigmoid, sigmoid, sigmoid, leaky_relu]"
43,6,3.2685,0.02,0.002,"[4, 8, 16]","[sigmoid, sigmoid, sigmoid, leaky_relu]"
43,7,3.3741665,0.02,0.002,"[4, 8, 16]","[sigmoid, sigmoid, sigmoid, leaky_relu]"
43,8,3.3808331,0.005,0.002,"[4, 8, 16]","[sigmoid, sigmoid, sigmoid, leaky_relu]"
43,9,3.0728333,0.005,0.002,"[4, 8, 16]","[sigmoid, sigmoid, sigmoid, leaky_relu]"
43,10,3.3591666,0.005,0.002,"[4, 8, 16]","[sigmoid, sigmoid, sigmoid, leaky_relu]"
43,11,2.9786665,0.005,0.002,"[4, 2, 64]","[tanh, leaky_relu, sigmoid, softmax]"
44,0,2.932,0.005,0.002,"[64]","[relu, tanh]"
44,1,3.2761664,0.005,0.002,"[4, 8, 16]","[sigmoid, sigmoid, sigmoid, leaky_relu]"
44,2,3.3255,0.001,0.002,"[4, 8, 16]","[sigmoid, sigmoid, sigmoid, leaky_relu]"
44,3,3.1366665,0.05,0.002,"[4, 8, 16]","[sigmoid, sigmoid, sigmoid, leaky_relu]"
44,4,2.8293333,0.02,0.001,"[4, 8, 16]","[sigmoid, sigmoid, sigmoid, leaky_relu]"
44,5,3.2115,0.005,0.002,"[4, 8, 16]","[sigmoid, sigmoid, sigmoid, leaky_relu]"
44,6,2.7926667,0.01,0.002,"[64, 2]","[relu, leaky_relu, sigmoid]"
44,7,3.4825,0.005,0.005,"[4, 8, 16]","[sigmoid, sigmoid, sigmoid, leaky_relu]"
44,8,3.4431665,0.02,0.002,"[4, 8, 16]","[sigmoid, sigmoid, sigmoid, leaky_relu]"
44,9,3.425,0.02,0.002,"[4, 8, 16]","[sigmoid, sigmoid, sigmoid, leaky_relu]"
44,10,3.3834999,0.005,0.002,"[4, 8, 16]","[sigmoid, sigmoid, sigmoid, leaky_relu]"
44,11,3.2914999,0.005,0.002,"[4, 8, 16]","[sigmoid, sigmoid, sigmoid, leaky_relu]"
45,0,3.449833,0.005,0.002,"[4, 8, 16]","[sigmoid, sigmoid, sigmoid, leaky_relu]"
45,1,3.2786665,0.01,0.008,"[4, 8, 16]","[sigmoid, sigmoid, sigmoid, leaky_relu]"
45,2,2.9313335,0.02,0.002,"[4, 8, 16]","[sigmoid, sigmoid, sigmoid, leaky_relu]"
45,3,2.8723333,0.005,0.005,"[64, 2, 16, 2]","[relu, softmax, sigmoid, softmax, sigmoid]"
45,4,3.2895,0.001,0.002,"[4, 8, 16]","[sigmoid, sigmoid, sigmoid, leaky_relu]"
45,5,2.817,0.02,0.002,"[4, 8, 16]","[sigmoid, sigmoid, sigmoid, leaky_relu]"
45,6,3.3276665,0.005,0.002,"[4, 8, 16]","[sigmoid, sigmoid, sigmoid, leaky_relu]"
45,7,3.4966664,0.005,0.002,"[4, 8, 16]","[sigmoid, sigmoid, sigmoid, leaky_relu]"
45,8,3.5295,0.02,0.005,"[4, 8, 16]","[sigmoid, sigmoid, sigmoid, leaky_relu]"
45,9,3.3613334,0.02,0.005,"[4, 8, 16]","[sigmoid, sigmoid, sigmoid, leaky_relu]"
45,10,3.1156664,0.001,0.002,"[4, 8, 16]","[sigmoid, sigmoid, sigmoid, leaky_relu]"
45,11,3.0946665,0.02,0.002,"[32, 2, 2, 2]","[tanh, tanh, softmax, softmax, softmax]"
46,0,3.2688332,0.005,0.002,"[4, 8, 16]","[sigmoid, sigmoid, sigmoid, leaky_relu]"
46,1,3.2568333,0.001,0.002,"[4, 8, 16]","[sigmoid, sigmoid, sigmoid, leaky_relu]"
46,2,3.3618333,0.005,0.002,"[4, 8, 16]","[sigmoid, sigmoid, sigmoid, leaky_relu]"
46,3,2.9983332,0.005,0.005,"[8, 4]","[sigmoid, softmax, softmax]"
46,4,2.9331665,0.02,0.005,"[8, 16]","[tanh, tanh, relu]"
46,5,3.3735,0.02,0.005,"[4, 8, 16]","[sigmoid, sigmoid, sigmoid, leaky_relu]"
46,6,3.4111667,0.01,0.002,"[4, 8, 16]","[sigmoid, sigmoid, sigmoid, leaky_relu]"
46,7,3.1293333,0.005,0.002,"[4, 8, 16]","[sigmoid, sigmoid, sigmoid, leaky_relu]"
46,8,3.2456665,0.005,0.002,"[2, 4]","[softmax, leaky_relu, leaky_relu]"
46,9,2.966,0.005,0.002,"[2]","[relu, tanh]"
46,10,3.097,0.02,0.005,"[2, 2]","[sigmoid, sigmoid, relu]"
46,11,3.2753334,0.02,0.005,"[4, 8, 16]","[sigmoid, sigmoid, sigmoid, leaky_relu]"
47,0,3.4341664,0.02,0.005,"[4, 8, 16]","[sigmoid, sigmoid, sigmoid, leaky_relu]"
47,1,3.2798336,0.01,0.01,"[4, 8, 16]","[sigmoid, sigmoid, sigmoid, leaky_relu]"
47,2,3.311,0.001,0.002,"[4, 8, 16]","[sigmoid, sigmoid, sigmoid, leaky_relu]"
47,3,2.8768332,0.01,0.002,"[4, 8, 16]","[sigmoid, sigmoid, sigmoid, leaky_relu]"
47,4,3.3403332,0.001,0.005,"[4, 8, 16]","[sigmoid, sigmoid, sigmoid, leaky_relu]"
47,5,3.5055,0.005,0.002,"[4, 8, 16]","[sigmoid, sigmoid, sigmoid, leaky_relu]"
47,6,3.34,0.005,0.002,"[4, 8, 16]","[sigmoid, sigmoid, sigmoid, leaky_relu]"
47,7,3.4423332,0.005,0.002,"[4, 8, 16]","[sigmoid, sigmoid, sigmoid, leaky_relu]"
47,8,2.9331665,0.001,0.002,"[4, 16, 64, 2]","[sigmoid, softmax, leaky_relu, tanh, relu]"
47,9,3.3346665,0.01,0.002,"[4, 8, 16]","[sigmoid, sigmoid, sigmoid, leaky_relu]"
47,10,3.1393332,0.02,0.001,"[4, 8, 16]","[sigmoid, sigmoid, sigmoid, leaky_relu]"
47,11,3.3836665,0.005,0.005,"[4, 8, 16]","[sigmoid, sigmoid, sigmoid, leaky_relu]"
48,0,3.522333,0.005,0.002,"[4, 8, 16]","[sigmoid, sigmoid, sigmoid, leaky_relu]"
48,1,2.8635,0.001,0.005,"[4, 8, 16]","[sigmoid, sigmoid, sigmoid, leaky_relu]"
48,2,3.482333,0.005,0.002,"[4, 8, 16]","[sigmoid, sigmoid, sigmoid, leaky_relu]"
48,3,3.4445,0.005,0.005,"[4, 8, 16]","[sigmoid, sigmoid, sigmoid, leaky_relu]"
48,4,3.4376664,0.02,0.005,"[4, 8, 16]","[sigmoid, sigmoid, sigmoid, leaky_relu]"
48,5,3.3765,0.005,0.002,"[4, 8, 16]","[sigmoid, sigmoid, sigmoid, leaky_relu]"
48,6,2.87,0.001,0.005,"[16, 4, 32, 8]","[sigmoid, leaky_relu, softmax, tanh, leaky_relu]"
48,7,3.3406665,0.005,0.005,"[4, 8, 16]","[sigmoid, sigmoid, sigmoid, leaky_relu]"
48,8,3.5016668,0.005,0.005,"[4, 8, 16]","[sigmoid, sigmoid, sigmoid, leaky_relu]"
48,9,2.9115,0.005,0.002,"[2, 64]","[softmax, tanh, sigmoid]"
48,10,3.2371664,0.02,0.01,"[4, 8, 16]","[sigmoid, sigmoid, sigmoid, leaky_relu]"
48,11,2.857,0.02,0.002,"[4, 8, 16]","[sigmoid, sigmoid, sigmoid, leaky_relu]"
49,0,3.4025,0.005,0.005,"[4, 8, 16]","[sigmoid, sigmoid, sigmoid, leaky_relu]"
49,1,3.4801664,0.005,0.002,"[4, 8, 16]","[sigmoid, sigmoid, sigmoid, leaky_relu]"
49,2,3.3623333,0.005,0.005,"[4, 8, 16]","[sigmoid, sigmoid, sigmoid, leaky_relu]"
49,3,3.4493332,0.005,0.002,"[4, 8, 16]","[sigmoid, sigmoid, sigmoid, leaky_relu]"
49,4,3.0638332,0.02,0.001,"[4, 8, 16]","[sigmoid, sigmoid, sigmoid, leaky_relu]"
49,5,3.325333,0.005,0.002,"[4, 8, 16]","[sigmoid, sigmoid, sigmoid, leaky_relu]"
49,6,3.3496666,0.005,0.005,"[4, 8, 16]","[sigmoid, sigmoid, sigmoid, leaky_relu]"
49,7,3.0568335,0.005,0.002,"[16, 4, 2, 16]","[sigmoid, softmax, leaky_relu, sigmoid, relu]"
49,8,3.4036665,0.005,0.002,"[4, 8, 16]","[sigmoid, sigmoid, sigmoid, leaky_relu]"
49,9,3.3218331,0.005,0.002,"[4, 8, 16]","[sigmoid, sigmoid, sigmoid, leaky_relu]"
49,10,3.4758334,0.02,0.002,"[4, 8, 16]","[sigmoid, sigmoid, sigmoid, leaky_relu]"
49,11,2.8426664,0.005,0.005,"[32, 8]","[leaky_relu, tanh, tanh]"
50,0,3.3105,0.005,0.005,"[4, 8, 16]","[sigmoid, sigmoid, sigmoid, leaky_relu]"
50,1,3.2758334,0.005,0.002,"[4, 8, 16]","[sigmoid, sigmoid, sigmoid, leaky_relu]"
50,2,3.5086665,0.005,0.002,"[4, 8, 16]","[sigmoid, sigmoid, sigmoid, leaky_relu]"
50,3,3.3285,0.005,0.005,"[4, 8, 16]","[sigmoid, sigmoid, sigmoid, leaky_relu]"
50,4,3.4256666,0.02,0.001,"[4, 8, 16]","[sigmoid, sigmoid, sigmoid, leaky_relu]"
50,5,2.9341664,0.005,0.002,"[4, 8, 16]","[sigmoid, sigmoid, sigmoid, leaky_relu]"
50,6,3.472,0.005,0.002,"[4, 8, 16]","[sigmoid, sigmoid, sigmoid, leaky_relu]"
50,7,3.0713332,0.005,0.002,"[16, 4]","[sigmoid, leaky_relu, leaky_relu]"
50,8,3.4318333,0.005,0.005,"[4, 8, 16]","[sigmoid, sigmoid, sigmoid, leaky_relu]"
50,9,3.2881668,0.005,0.005,"[4, 8, 16]","[sigmoid, sigmoid, sigmoid, leaky_relu]"
50,10,2.8926668,0.005,0.002,"[4, 8, 16]","[sigmoid, sigmoid, sigmoid, leaky_relu]"
50,11,2.8366668,0.005,0.002,"[4, 8, 16]","[sigmoid, sigmoid, sigmoid, leaky_relu]"
51,0,3.356,0.005,0.005,"[4, 8, 16]","[sigmoid, sigmoid, sigmoid, leaky_relu]"
51,1,3.0831666,0.005,0.001,"[4, 8, 16]","[sigmoid, sigmoid, sigmoid, leaky_relu]"
51,2,3.2631664,0.005,0.002,"[4, 8, 16]","[sigmoid, sigmoid, sigmoid, leaky_relu]"
51,3,3.0116665,0.05,0.002,"[8]","[tanh, relu]"
51,4,3.2984998,0.005,0.005,"[4, 8, 16]","[sigmoid, sigmoid, sigmoid, leaky_relu]"
51,5,3.2618332,0.005,0.005,"[4, 8, 16]","[sigmoid, sigmoid, sigmoid, leaky_relu]"
51,6,3.4059997,0.02,0.005,"[4, 8, 16]","[sigmoid, sigmoid, sigmoid, leaky_relu]"
51,7,3.3081665,0.02,0.005,"[4, 8, 16]","[sigmoid, sigmoid, sigmoid, leaky_relu]"
51,8,3.231,0.005,0.01,"[4, 8, 16]","[sigmoid, sigmoid, sigmoid, leaky_relu]"
51,9,2.91,0.005,0.002,"[64, 64, 32, 4]","[sigmoid, sigmoid, tanh, sigmoid, sigmoid]"
51,10,3.3215,0.01,0.01,"[4, 8, 16]","[sigmoid, sigmoid, sigmoid, leaky_relu]"
51,11,3.3425,0.005,0.005,"[4, 8, 16]","[sigmoid, sigmoid, sigmoid, leaky_relu]"
52,0,3.1665,0.005,0.005,"[4, 8, 16]","[sigmoid, sigmoid, sigmoid, leaky_relu]"
52,1,3.1846664,0.01,0.01,"[4, 8, 16]","[sigmoid, sigmoid, sigmoid, leaky_relu]"
52,2,3.2481666,0.005,0.005,"[4, 8, 16]","[sigmoid, sigmoid, sigmoid, leaky_relu]"
52,3,3.3768332,0.02,0.005,"[4, 8, 16]","[sigmoid, sigmoid, sigmoid, leaky_relu]"
52,4,3.4381666,0.005,0.005,"[4, 8, 16]","[sigmoid, sigmoid, sigmoid, leaky_relu]"
52,5,3.2758336,0.005,0.005,"[4, 8, 16]","[sigmoid, sigmoid, sigmoid, leaky_relu]"
52,6,3.3735,0.01,0.005,"[4, 8, 16]","[sigmoid, sigmoid, sigmoid, leaky_relu]"
52,7,3.3698332,0.005,0.005,"[4, 8, 16]","[sigmoid, sigmoid, sigmoid, leaky_relu]"
52,8,3.3738332,0.005,0.005,"[4, 8, 16]","[sigmoid, sigmoid, sigmoid, leaky_relu]"
52,9,3.3603332,0.005,0.005,"[4, 8, 16]","[sigmoid, sigmoid, sigmoid, leaky_relu]"
52,10,3.4375,0.02,0.005,"[4, 8, 16]","[sigmoid, sigmoid, sigmoid, leaky_relu]"
52,11,3.2943332,0.005,0.005,"[4, 8, 16]","[sigmoid, sigmoid, sigmoid, leaky_relu]"
53,0,2.8545,0.02,0.005,"[4, 8, 16]","[sigmoid, sigmoid, sigmoid, leaky_relu]"
53,1,3.145,0.001,0.005,"[4, 8, 16]","[sigmoid, sigmoid, sigmoid, leaky_relu]"
53,2,3.1021664,0.005,0.005,"[4, 8, 16]","[sigmoid, sigmoid, sigmoid, leaky_relu]"
53,3,3.4241664,0.005,0.005,"[4, 8, 16]","[sigmoid, sigmoid, sigmoid, leaky_relu]"
53,4,3.324,0.005,0.005,"[4, 8, 16]","[sigmoid, sigmoid, sigmoid, leaky_relu]"
53,5,3.2176669,0.05,0.005,"[4, 8, 16]","[sigmoid, sigmoid, sigmoid, leaky_relu]"
53,6,3.2595,0.01,0.01,"[4, 8, 16]","[sigmoid, sigmoid, sigmoid, leaky_relu]"
53,7,3.1733334,0.005,0.005,"[4, 8, 16]","[sigmoid, sigmoid, sigmoid, leaky_relu]"
53,8,3.1531665,0.005,0.005,"[4, 8, 16]","[sigmoid, sigmoid, sigmoid, leaky_relu]"
53,9,3.4433331,0.005,0.005,"[4, 8, 16]","[sigmoid, sigmoid, sigmoid, leaky_relu]"
53,10,3.3925,0.02,0.005,"[4, 8, 16]","[sigmoid, sigmoid, sigmoid, leaky_relu]"
53,11,3.2373333,0.005,0.005,"[4, 8, 16]","[sigmoid, sigmoid, sigmoid, leaky_relu]"
54,0,3.1446664,0.005,0.005,"[32]","[softmax, softmax]"
54,1,3.1756666,0.01,0.01,"[4, 8, 16]","[sigmoid, sigmoid, sigmoid, leaky_relu]"
54,2,3.2541666,0.001,0.005,"[4, 8, 16]","[sigmoid, sigmoid, sigmoid, leaky_relu]"
54,3,3.3111665,0.005,0.005,"[4, 8, 16]","[sigmoid, sigmoid, sigmoid, leaky_relu]"
54,4,3.3941665,0.005,0.005,"[4, 8, 16]","[sigmoid, sigmoid, sigmoid, leaky_relu]"
54,5,2.9061666,0.02,0.008,"[64]","[leaky_relu, tanh]"
54,6,3.4491665,0.005,0.005,"[4, 8, 16]","[sigmoid, sigmoid, sigmoid, leaky_relu]"
54,7,3.3966665,0.01,0.005,"[4, 8, 16]","[sigmoid, sigmoid, sigmoid, leaky_relu]"
54,8,2.6943336,0.005,0.005,"[8, 32, 8, 2]","[leaky_relu, softmax, leaky_relu, leaky_relu, tanh]"
54,9,2.9423332,0.005,0.005,"[2, 8, 32]","[leaky_relu, sigmoid, softmax, softmax]"
54,10,3.2486665,0.02,0.005,"[4, 8, 16]","[sigmoid, sigmoid, sigmoid, leaky_relu]"
54,11,3.2533333,0.005,0.005,"[4, 8, 16]","[sigmoid, sigmoid, sigmoid, leaky_relu]"
55,0,2.8365,0.001,0.002,"[8, 64]","[leaky_relu, softmax, tanh]"
55,1,3.426,0.005,0.005,"[4, 8, 16]","[sigmoid, sigmoid, sigmoid, leaky_relu]"
55,2,3.3614998,0.005,0.01,"[4, 8, 16]","[sigmoid, sigmoid, sigmoid, leaky_relu]"
55,3,3.169,0.02,0.01,"[4, 8, 16]","[sigmoid, sigmoid, sigmoid, leaky_relu]"
55,4,3.0963335,0.005,0.005,"[4, 8, 16]","[sigmoid, sigmoid, sigmoid, leaky_relu]"
55,5,3.37,0.01,0.005,"[4, 8, 16]","[sigmoid, sigmoid, sigmoid, leaky_relu]"
55,6,2.8306668,0.001,0.005,"[4, 8, 16]","[sigmoid, sigmoid, sigmoid, leaky_relu]"
55,7,3.1563332,0.001,0.005,"[4, 8, 16]","[sigmoid, sigmoid, sigmoid, leaky_relu]"
55,8,3.2945,0.005,0.005,"[4, 8, 16]","[sigmoid, sigmoid, sigmoid, leaky_relu]"
55,9,3.0011666,0.005,0.005,"[4, 8, 16]","[sigmoid, sigmoid, sigmoid, leaky_relu]"
55,10,3.3918333,0.01,0.005,"[4, 8, 16]","[sigmoid, sigmoid, sigmoid, leaky_relu]"
55,11,3.289,0.01,0.005,"[4, 8, 16]","[sigmoid, sigmoid, sigmoid, leaky_relu]"
56,0,3.3375,0.005,0.005,"[4, 8, 16]","[sigmoid, sigmoid, sigmoid, leaky_relu]"
56,1,3.2951665,0.01,0.005,"[4, 8, 16]","[sigmoid, sigmoid, sigmoid, leaky_relu]"
56,2,2.9171665,0.005,0.01,"[2, 16, 64, 32]","[softmax, relu, softmax, relu, tanh]"
56,3,2.8223333,0.01,0.005,"[16, 32, 4]","[sigmoid, softmax, relu, relu]"
56,4,3.2271664,0.005,0.005,"[4, 8, 16]","[sigmoid, sigmoid, sigmoid, leaky_relu]"
56,5,3.2911665,0.01,0.005,"[4, 8, 16]","[sigmoid, sigmoid, sigmoid, leaky_relu]"
56,6,3.3528333,0.005,0.005,"[4, 8, 16]","[sigmoid, sigmoid, sigmoid, leaky_relu]"
56,7,3.3108335,0.005,0.005,"[4, 8, 16]","[sigmoid, sigmoid, sigmoid, leaky_relu]"
56,8,3.3241665,0.005,0.01,"[4, 8, 16]","[sigmoid, sigmoid, sigmoid, leaky_relu]"
56,9,3.4404998,0.01,0.01,"[4, 8, 16]","[sigmoid, sigmoid, sigmoid, leaky_relu]"
56,10,3.2941666,0.01,0.005,"[4, 8, 16]","[sigmoid, sigmoid, sigmoid, leaky_relu]"
56,11,2.8598335,0.01,0.005,"[32, 8, 4, 4]","[sigmoid, sigmoid, tanh, relu, sigmoid]"
57,0,3.3913333,0.01,0.005,"[4, 8, 16]","[sigmoid, sigmoid, sigmoid, leaky_relu]"
57,1,3.2621665,0.005,0.005,"[4, 8, 16]","[sigmoid, sigmoid, sigmoid, leaky_relu]"
57,2,3.3471665,0.005,0.01,"[4, 8, 16]","[sigmoid, sigmoid, sigmoid, leaky_relu]"
57,3,3.3251665,0.005,0.005,"[4, 8, 16]","[sigmoid, sigmoid, sigmoid, leaky_relu]"
57,4,3.0266666,0.01,0.01,"[4, 8, 16]","[sigmoid, sigmoid, sigmoid, leaky_relu]"
57,5,3.3405,0.005,0.005,"[4, 8, 16]","[sigmoid, sigmoid, sigmoid, leaky_relu]"
57,6,3.4085,0.01,0.005,"[4, 8, 16]","[sigmoid, sigmoid, sigmoid, leaky_relu]"
57,7,3.4076664,0.01,0.005,"[4, 8, 16]","[sigmoid, sigmoid, sigmoid, leaky_relu]"
57,8,3.3525,0.005,0.01,"[4, 8, 16]","[sigmoid, sigmoid, sigmoid, leaky_relu]"
57,9,3.1826665,0.005,0.01,"[4, 8, 16]","[sigmoid, sigmoid, sigmoid, leaky_relu]"
57,10,3.4018333,0.005,0.008,"[4, 8, 16]","[sigmoid, sigmoid, sigmoid, leaky_relu]"
57,11,3.2745,0.005,0.01,"[4, 8, 16]","[sigmoid, sigmoid, sigmoid, leaky_relu]"
58,0,3.3375,0.01,0.005,"[4, 8, 16]","[sigmoid, sigmoid, sigmoid, leaky_relu]"
58,1,3.4086666,0.01,0.005,"[4, 8, 16]","[sigmoid, sigmoid, sigmoid, leaky_relu]"
58,2,3.379833,0.01,0.005,"[4, 8, 16]","[sigmoid, sigmoid, sigmoid, leaky_relu]"
58,3,3.2596664,0.005,0.008,"[4, 8, 16]","[sigmoid, sigmoid, sigmoid, leaky_relu]"
58,4,3.3615,0.005,0.002,"[4, 8, 16]","[sigmoid, sigmoid, sigmoid, leaky_relu]"
58,5,3.3968332,0.005,0.01,"[4, 8, 16]","[sigmoid, sigmoid, sigmoid, leaky_relu]"
58,6,3.3695,0.01,0.005,"[4, 8, 16]","[sigmoid, sigmoid, sigmoid, leaky_relu]"
58,7,3.5296664,0.01,0.001,"[4, 8, 16]","[sigmoid, sigmoid, sigmoid, leaky_relu]"
58,8,3.4218333,0.01,0.005,"[4, 8, 16]","[sigmoid, sigmoid, sigmoid, leaky_relu]"
58,9,3.3173332,0.01,0.005,"[4, 8, 16]","[sigmoid, sigmoid, sigmoid, leaky_relu]"
58,10,3.2816665,0.005,0.01,"[4, 8, 16]","[sigmoid, sigmoid, sigmoid, leaky_relu]"
58,11,2.8745,0.05,0.005,"[16, 4, 8]","[tanh, relu, sigmoid, softmax]"
59,0,3.2884998,0.01,0.001,"[4, 8, 16]","[sigmoid, sigmoid, sigmoid, leaky_relu]"
59,1,3.1978335,0.005,0.01,"[4, 8, 16]","[sigmoid, sigmoid, sigmoid, leaky_relu]"
59,2,3.2056665,0.01,0.005,"[4, 8, 16]","[sigmoid, sigmoid, sigmoid, leaky_relu]"
59,3,3.1933331,0.01,0.001,"[4, 8, 16]","[sigmoid, sigmoid, sigmoid, leaky_relu]"
59,4,3.2788332,0.01,0.005,"[4, 8, 16]","[sigmoid, sigmoid, sigmoid, leaky_relu]"
59,5,3.4604998,0.01,0.005,"[4, 8, 16]","[sigmoid, sigmoid, sigmoid, leaky_relu]"
59,6,3.1281664,0.005,0.01,"[4, 8, 16]","[sigmoid, sigmoid, sigmoid, leaky_relu]"
59,7,3.282,0.01,0.01,"[4, 8, 16]","[sigmoid, sigmoid, sigmoid, leaky_relu]"
59,8,3.4718332,0.01,0.005,"[4, 8, 16]","[sigmoid, sigmoid, sigmoid, leaky_relu]"
59,9,3.341,0.01,0.005,"[4, 8, 16]","[sigmoid, sigmoid, sigmoid, leaky_relu]"
59,10,2.805,0.01,0.002,"[32, 4, 4, 32]","[softmax, leaky_relu, leaky_relu, relu, softmax]"
59,11,3.2656665,0.01,0.005,"[4, 8, 16]","[sigmoid, sigmoid, sigmoid, leaky_relu]"
60,0,3.3731666,0.01,0.001,"[4, 8, 16]","[sigmoid, sigmoid, sigmoid, leaky_relu]"
60,1,3.3395,0.01,0.01,"[4, 8, 16]","[sigmoid, sigmoid, sigmoid, leaky_relu]"
60,2,3.2685,0.01,0.001,"[4, 8, 16]","[sigmoid, sigmoid, sigmoid, leaky_relu]"
60,3,3.2226665,0.01,0.001,"[4, 8, 16]","[sigmoid, sigmoid, sigmoid, leaky_relu]"
60,4,2.8993332,0.01,0.005,"[4, 8, 16]","[sigmoid, sigmoid, sigmoid, leaky_relu]"
60,5,3.0533333,0.001,0.005,"[4, 8, 16]","[sigmoid, sigmoid, sigmoid, leaky_relu]"
60,6,3.3798332,0.02,0.005,"[4, 8, 16]","[sigmoid, sigmoid, sigmoid, leaky_relu]"
60,7,3.2271664,0.01,0.01,"[4, 8, 16]","[sigmoid, sigmoid, sigmoid, leaky_relu]"
60,8,3.3646665,0.01,0.001,"[4, 8, 16]","[sigmoid, sigmoid, sigmoid, leaky_relu]"
60,9,3.299833,0.02,0.001,"[4, 8, 16]","[sigmoid, sigmoid, sigmoid, leaky_relu]"
60,10,2.8383336,0.01,0.005,"[4, 8, 16]","[sigmoid, sigmoid, sigmoid, leaky_relu]"
60,11,3.4128332,0.01,0.005,"[4, 8, 16]","[sigmoid, sigmoid, sigmoid, leaky_relu]"
61,0,2.85,0.01,0.01,"[2, 32]","[sigmoid, sigmoid, tanh]"
61,1,3.2988334,0.02,0.008,"[4, 8, 16]","[sigmoid, sigmoid, sigmoid, leaky_relu]"
61,2,2.9315,0.01,0.001,"[4, 2, 16, 16]","[leaky_relu, relu, softmax, leaky_relu, leaky_relu]"
61,3,3.244,0.01,0.001,"[4, 8, 16]","[sigmoid, sigmoid, sigmoid, leaky_relu]"
61,4,3.391,0.01,0.005,"[4, 8, 16]","[sigmoid, sigmoid, sigmoid, leaky_relu]"
61,5,3.2061665,0.02,0.001,"[4, 8, 16]","[sigmoid, sigmoid, sigmoid, leaky_relu]"
61,6,3.448,0.02,0.005,"[4, 8, 16]","[sigmoid, sigmoid, sigmoid, leaky_relu]"
61,7,2.9661665,0.02,0.005,"[4, 8, 16]","[sigmoid, sigmoid, sigmoid, leaky_relu]"
61,8,2.8195,0.01,0.001,"[64, 4, 16]","[leaky_relu, sigmoid, relu, tanh]"
61,9,2.9728332,0.01,0.001,"[4, 8, 16]","[sigmoid, sigmoid, sigmoid, leaky_relu]"
61,10,2.9515,0.001,0.001,"[4, 8, 16]","[sigmoid, sigmoid, sigmoid, leaky_relu]"
61,11,2.9178333,0.02,0.005,"[64, 2]","[sigmoid, relu, relu]"
62,0,3.2071664,0.01,0.001,"[4, 8, 16]","[sigmoid, sigmoid, sigmoid, leaky_relu]"
62,1,3.358833,0.02,0.008,"[4, 8, 16]","[sigmoid, sigmoid, sigmoid, leaky_relu]"
62,2,3.2178333,0.02,0.01,"[4, 8, 16]","[sigmoid, sigmoid, sigmoid, leaky_relu]"
62,3,3.2476666,0.01,0.001,"[4, 8, 16]","[sigmoid, sigmoid, sigmoid, leaky_relu]"
62,4,3.3061664,0.01,0.005,"[4, 8, 16]","[sigmoid, sigmoid, sigmoid, leaky_relu]"
62,5,3.287,0.05,0.005,"[4, 8, 16]","[sigmoid, sigmoid, sigmoid, leaky_relu]"
62,6,3.3281665,0.02,0.008,"[4, 8, 16]","[sigmoid, sigmoid, sigmoid, leaky_relu]"
62,7,3.1396668,0.02,0.008,"[4, 8, 16]","[sigmoid, sigmoid, sigmoid, leaky_relu]"
62,8,2.9248333,0.01,0.001,"[16]","[leaky_relu, softmax]"
62,9,3.3376665,0.02,0.001,"[4, 8, 16]","[sigmoid, sigmoid, sigmoid, leaky_relu]"
62,10,3.5193334,0.01,0.005,"[4, 8, 16]","[sigmoid, sigmoid, sigmoid, leaky_relu]"
62,11,2.9481666,0.01,0.005,"[2, 2, 16, 8]","[tanh, sigmoid, softmax, sigmoid, sigmoid]"
63,0,3.3355,0.02,0.008,"[4, 8, 16]","[sigmoid, sigmoid, sigmoid, leaky_relu]"
63,1,3.1386664,0.01,0.01,"[4, 8, 16]","[sigmoid, sigmoid, sigmoid, leaky_relu]"
63,2,3.3275,0.02,0.008,"[4, 8, 16]","[sigmoid, sigmoid, sigmoid, leaky_relu]"
63,3,2.8476665,0.02,0.001,"[4, 8, 16]","[sigmoid, sigmoid, sigmoid, leaky_relu]"
63,4,3.381,0.05,0.005,"[4, 8, 16]","[sigmoid, sigmoid, sigmoid, leaky_relu]"
63,5,3.1591666,0.001,0.001,"[4, 8, 16]","[sigmoid, sigmoid, sigmoid, leaky_relu]"
63,6,3.4343333,0.01,0.008,"[4, 8, 16]","[sigmoid, sigmoid, sigmoid, leaky_relu]"
63,7,3.4268332,0.01,0.005,"[4, 8, 16]","[sigmoid, sigmoid, sigmoid, leaky_relu]"
63,8,2.942,0.001,0.001,"[64, 4, 8, 16]","[sigmoid, leaky_relu, softmax, tanh, sigmoid]"
63,9,3.3133333,0.02,0.001,"[4, 8, 16]","[sigmoid, sigmoid, sigmoid, leaky_relu]"
63,10,3.307,0.01,0.005,"[4, 8, 16]","[sigmoid, sigmoid, sigmoid, leaky_relu]"
63,11,3.3053331,0.05,0.005,"[4, 8, 16]","[sigmoid, sigmoid, sigmoid, leaky_relu]"
64,0,3.2185,0.02,0.008,"[4, 8, 16]","[sigmoid, sigmoid, sigmoid, leaky_relu]"
64,1,3.388333,0.02,0.008,"[4, 8, 16]","[sigmoid, sigmoid, sigmoid, leaky_relu]"
64,2,3.0598333,0.02,0.001,"[4, 8, 16]","[sigmoid, sigmoid, sigmoid, leaky_relu]"
64,3,2.8276668,0.001,0.008,"[4, 8, 16]","[sigmoid, sigmoid, sigmoid, leaky_relu]"
64,4,3.387333,0.01,0.005,"[4, 8, 16]","[sigmoid, sigmoid, sigmoid, leaky_relu]"
64,5,2.863,0.05,0.005,"[4, 8, 16]","[sigmoid, sigmoid, sigmoid, leaky_relu]"
64,6,3.3395,0.02,0.008,"[4, 8, 16]","[sigmoid, sigmoid, sigmoid, leaky_relu]"
64,7,3.2375,0.02,0.008,"[4, 8, 16]","[sigmoid, sigmoid, sigmoid, leaky_relu]"
64,8,3.0918334,0.02,0.002,"[8, 16, 16]","[tanh, softmax, relu, leaky_relu]"
64,9,3.2068331,0.02,0.008,"[4, 8, 16]","[sigmoid, sigmoid, sigmoid, leaky_relu]"
64,10,3.4638333,0.01,0.005,"[4, 8, 16]","[sigmoid, sigmoid, sigmoid, leaky_relu]"
64,11,3.2628334,0.05,0.008,"[4, 8, 16]","[sigmoid, sigmoid, sigmoid, leaky_relu]"
65,0,3.2325,0.01,0.008,"[4, 8, 16]","[sigmoid, sigmoid, sigmoid, leaky_relu]"
65,1,3.2918332,0.02,0.008,"[4, 8, 16]","[sigmoid, sigmoid, sigmoid, leaky_relu]"
65,2,3.3596666,0.01,0.005,"[4, 8, 16]","[sigmoid, sigmoid, sigmoid, leaky_relu]"
65,3,3.3556664,0.02,0.008,"[4, 8, 16]","[sigmoid, sigmoid, sigmoid, leaky_relu]"
65,4,3.3994997,0.01,0.005,"[4, 8, 16]","[sigmoid, sigmoid, sigmoid, leaky_relu]"
65,5,3.2773333,0.02,0.008,"[4, 8, 16]","[sigmoid, sigmoid, sigmoid, leaky_relu]"
65,6,3.3075,0.02,0.008,"[4, 8, 16]","[sigmoid, sigmoid, sigmoid, leaky_relu]"
65,7,3.232333,0.05,0.008,"[4, 8, 16]","[sigmoid, sigmoid, sigmoid, leaky_relu]"
65,8,3.1186664,0.02,0.001,"[4, 8, 16]","[sigmoid, sigmoid, sigmoid, leaky_relu]"
65,9,3.1951666,0.02,0.005,"[4, 8, 16]","[sigmoid, sigmoid, sigmoid, leaky_relu]"
65,10,3.429,0.02,0.008,"[4, 8, 16]","[sigmoid, sigmoid, sigmoid, leaky_relu]"
65,11,3.4909997,0.02,0.005,"[4, 8, 16]","[sigmoid, sigmoid, sigmoid, leaky_relu]"
66,0,3.449333,0.02,0.008,"[4, 8, 16]","[sigmoid, sigmoid, sigmoid, leaky_relu]"
66,1,3.2011664,0.01,0.005,"[4, 8, 16]","[sigmoid, sigmoid, sigmoid, leaky_relu]"
66,2,3.2913332,0.02,0.008,"[4, 8, 16]","[sigmoid, sigmoid, sigmoid, leaky_relu]"
66,3,3.1013334,0.02,0.01,"[4, 8, 16]","[sigmoid, sigmoid, sigmoid, leaky_relu]"
66,4,3.328,0.01,0.005,"[4, 8, 16]","[sigmoid, sigmoid, sigmoid, leaky_relu]"
66,5,3.4091666,0.02,0.008,"[4, 8, 16]","[sigmoid, sigmoid, sigmoid, leaky_relu]"
66,6,3.3574998,0.01,0.005,"[4, 8, 16]","[sigmoid, sigmoid, sigmoid, leaky_relu]"
66,7,3.4906664,0.01,0.005,"[4, 8, 16]","[sigmoid, sigmoid, sigmoid, leaky_relu]"
66,8,2.9588332,0.02,0.008,"[64, 32, 8]","[softmax, sigmoid, tanh, sigmoid]"
66,9,3.1816666,0.02,0.005,"[4, 8, 16]","[sigmoid, sigmoid, sigmoid, leaky_relu]"
66,10,3.3191664,0.02,0.005,"[4, 8, 16]","[sigmoid, sigmoid, sigmoid, leaky_relu]"
66,11,3.3548336,0.02,0.005,"[4, 8, 16]","[sigmoid, sigmoid, sigmoid, leaky_relu]"
67,0,3.3286664,0.01,0.005,"[4, 8, 16]","[sigmoid, sigmoid, sigmoid, leaky_relu]"
67,1,3.2975,0.01,0.005,"[4, 8, 16]","[sigmoid, sigmoid, sigmoid, leaky_relu]"
67,2,3.0688334,0.02,0.008,"[4, 8, 16]","[sigmoid, sigmoid, sigmoid, leaky_relu]"
67,3,3.3501666,0.01,0.005,"[4, 8, 16]","[sigmoid, sigmoid, sigmoid, leaky_relu]"
67,4,3.3285,0.02,0.008,"[4, 8, 16]","[sigmoid, sigmoid, sigmoid, leaky_relu]"
67,5,3.3711665,0.01,0.005,"[4, 8, 16]","[sigmoid, sigmoid, sigmoid, leaky_relu]"
67,6,3.4796665,0.02,0.005,"[4, 8, 16]","[sigmoid, sigmoid, sigmoid, leaky_relu]"
67,7,2.8775,0.01,0.005,"[4, 8, 64]","[softmax, leaky_relu, relu, tanh]"
67,8,3.355,0.01,0.008,"[4, 8, 16]","[sigmoid, sigmoid, sigmoid, leaky_relu]"
67,9,3.3538332,0.02,0.005,"[4, 8, 16]","[sigmoid, sigmoid, sigmoid, leaky_relu]"
67,10,3.235,0.02,0.008,"[4, 8, 16]","[sigmoid, sigmoid, sigmoid, leaky_relu]"
67,11,3.0076668,0.02,0.01,"[32, 16]","[relu, tanh, relu]"
68,0,2.8658333,0.02,0.005,"[16, 32]","[sigmoid, relu, tanh]"
68,1,3.2908332,0.01,0.005,"[4, 8, 16]","[sigmoid, sigmoid, sigmoid, leaky_relu]"
68,2,3.1225,0.01,0.008,"[4, 8, 16]","[sigmoid, sigmoid, sigmoid, leaky_relu]"
68,3,3.459,0.05,0.005,"[4, 8, 16]","[sigmoid, sigmoid, sigmoid, leaky_relu]"
68,4,3.4058332,0.02,0.005,"[4, 8, 16]","[sigmoid, sigmoid, sigmoid, leaky_relu]"
68,5,3.4199998,0.01,0.005,"[4, 8, 16]","[sigmoid, sigmoid, sigmoid, leaky_relu]"
68,6,3.457333,0.02,0.005,"[4, 8, 16]","[sigmoid, sigmoid, sigmoid, leaky_relu]"
68,7,3.2515,0.02,0.008,"[4, 8, 16]","[sigmoid, sigmoid, sigmoid, leaky_relu]"
68,8,3.4041665,0.01,0.008,"[4, 8, 16]","[sigmoid, sigmoid, sigmoid, leaky_relu]"
68,9,3.3594997,0.01,0.005,"[4, 8, 16]","[sigmoid, sigmoid, sigmoid, leaky_relu]"
68,10,3.3071666,0.05,0.005,"[4, 8, 16]","[sigmoid, sigmoid, sigmoid, leaky_relu]"
68,11,3.346,0.02,0.005,"[4, 8, 16]","[sigmoid, sigmoid, sigmoid, leaky_relu]"
69,0,3.4263332,0.01,0.005,"[4, 8, 16]","[sigmoid, sigmoid, sigmoid, leaky_relu]"
69,1,3.235833,0.05,0.005,"[4, 8, 16]","[sigmoid, sigmoid, sigmoid, leaky_relu]"
69,2,3.307833,0.02,0.002,"[4, 8, 16]","[sigmoid, sigmoid, sigmoid, leaky_relu]"
69,3,3.3518333,0.01,0.008,"[4, 8, 16]","[sigmoid, sigmoid, sigmoid, leaky_relu]"
69,4,3.2599998,0.01,0.005,"[4, 8, 16]","[sigmoid, sigmoid, sigmoid, leaky_relu]"
69,5,2.9548333,0.001,0.005,"[4, 8, 16]","[sigmoid, sigmoid, sigmoid, leaky_relu]"
69,6,2.7351665,0.01,0.005,"[8, 2, 32]","[leaky_relu, relu, relu, tanh]"
69,7,2.7346666,0.01,0.005,"[4, 64, 64]","[softmax, leaky_relu, relu, sigmoid]"
69,8,3.159,0.01,0.008,"[4, 8, 16]","[sigmoid, sigmoid, sigmoid, leaky_relu]"
69,9,3.2916665,0.02,0.005,"[4, 8, 16]","[sigmoid, sigmoid, sigmoid, leaky_relu]"
69,10,3.3583333,0.01,0.005,"[4, 8, 16]","[sigmoid, sigmoid, sigmoid, leaky_relu]"
69,11,3.3726666,0.01,0.005,"[4, 8, 16]","[sigmoid, sigmoid, sigmoid, leaky_relu]"
70,0,3.3218331,0.02,0.002,"[4, 8, 16]","[sigmoid, sigmoid, sigmoid, leaky_relu]"
70,1,3.3725,0.01,0.005,"[4, 8, 16]","[sigmoid, sigmoid, sigmoid, leaky_relu]"
70,2,3.281,0.02,0.005,"[4, 8, 16]","[sigmoid, sigmoid, sigmoid, leaky_relu]"
70,3,3.3733332,0.01,0.005,"[4, 8, 16]","[sigmoid, sigmoid, sigmoid, leaky_relu]"
70,4,2.9578333,0.01,0.005,"[32, 2, 4, 8]","[sigmoid, leaky_relu, relu, leaky_relu, softmax]"
70,5,3.294,0.01,0.008,"[4, 8, 16]","[sigmoid, sigmoid, sigmoid, leaky_relu]"
70,6,2.9346664,0.02,0.002,"[4, 8, 2, 2]","[leaky_relu, relu, leaky_relu, sigmoid, relu]"
70,7,3.3171666,0.01,0.001,"[4, 8, 16]","[sigmoid, sigmoid, sigmoid, leaky_relu]"
70,8,3.3081665,0.02,0.005,"[4, 8, 16]","[sigmoid, sigmoid, sigmoid, leaky_relu]"
70,9,2.8598332,0.01,0.005,"[64, 4]","[tanh, leaky_relu, sigmoid]"
70,10,3.1001666,0.01,0.008,"[4, 8, 16]","[sigmoid, sigmoid, sigmoid, leaky_relu]"
70,11,3.202,0.01,0.008,"[4, 8, 16]","[sigmoid, sigmoid, sigmoid, leaky_relu]"
71,0,3.2903333,0.02,0.005,"[4, 8, 16]","[sigmoid, sigmoid, sigmoid, leaky_relu]"
71,1,2.9608333,0.01,0.005,"[4, 8, 16]","[sigmoid, sigmoid, sigmoid, leaky_relu]"
71,2,3.3311665,0.02,0.002,"[4, 8, 16]","[sigmoid, sigmoid, sigmoid, leaky_relu]"
71,3,3.3421664,0.01,0.005,"[4, 8, 16]","[sigmoid, sigmoid, sigmoid, leaky_relu]"
71,4,3.339,0.01,0.008,"[4, 8, 16]","[sigmoid, sigmoid, sigmoid, leaky_relu]"
71,5,3.1261666,0.01,0.008,"[4, 8, 16]","[sigmoid, sigmoid, sigmoid, leaky_relu]"
71,6,3.2383332,0.02,0.005,"[4, 8, 16]","[sigmoid, sigmoid, sigmoid, leaky_relu]"
71,7,3.4831665,0.01,0.005,"[4, 8, 16]","[sigmoid, sigmoid, sigmoid, leaky_relu]"
71,8,3.2225,0.02,0.002,"[4, 8, 16]","[sigmoid, sigmoid, sigmoid, leaky_relu]"
71,9,3.452333,0.01,0.002,"[4, 8, 16]","[sigmoid, sigmoid, sigmoid, leaky_relu]"
71,10,3.4613333,0.01,0.008,"[4, 8, 16]","[sigmoid, sigmoid, sigmoid, leaky_relu]"
71,11,2.8388333,0.01,0.001,"[32, 32]","[softmax, sigmoid, softmax]"
72,0,3.2978332,0.005,0.005,"[4, 8, 16]","[sigmoid, sigmoid, sigmoid, leaky_relu]"
72,1,3.4471664,0.02,0.002,"[4, 8, 16]","[sigmoid, sigmoid, sigmoid, leaky_relu]"
72,2,2.9139998,0.01,0.008,"[8, 16]","[leaky_relu, relu, softmax]"
72,3,2.8765,0.01,0.005,"[4, 32, 64]","[relu, leaky_relu, relu, softmax]"
72,4,3.1513333,0.01,0.002,"[4, 8, 16]","[sigmoid, sigmoid, sigmoid, leaky_relu]"
72,5,3.0448332,0.01,0.008,"[32]","[relu, leaky_relu]"
72,6,2.8833334,0.02,0.001,"[4, 8, 16]","[sigmoid, sigmoid, sigmoid, leaky_relu]"
72,7,3.3681664,0.02,0.005,"[4, 8, 16]","[sigmoid, sigmoid, sigmoid, leaky_relu]"
72,8,2.9171665,0.01,0.005,"[16]","[sigmoid, sigmoid]"
72,9,3.4486666,0.005,0.008,"[4, 8, 16]","[sigmoid, sigmoid, sigmoid, leaky_relu]"
72,10,3.405333,0.01,0.002,"[4, 8, 16]","[sigmoid, sigmoid, sigmoid, leaky_relu]"
72,11,3.3498333,0.01,0.008,"[4, 8, 16]","[sigmoid, sigmoid, sigmoid, leaky_relu]"
73,0,2.7886665,0.02,0.005,"[4, 8, 16]","[sigmoid, sigmoid, sigmoid, leaky_relu]"
73,1,3.3631666,0.02,0.002,"[4, 8, 16]","[sigmoid, sigmoid, sigmoid, leaky_relu]"
73,2,3.2713332,0.005,0.008,"[4, 8, 16]","[sigmoid, sigmoid, sigmoid, leaky_relu]"
73,3,3.4133332,0.01,0.002,"[4, 8, 16]","[sigmoid, sigmoid, sigmoid, leaky_relu]"
73,4,3.329333,0.02,0.008,"[4, 8, 16]","[sigmoid, sigmoid, sigmoid, leaky_relu]"
73,5,3.2181666,0.005,0.005,"[4, 8, 16]","[sigmoid, sigmoid, sigmoid, leaky_relu]"
73,6,3.3901665,0.02,0.002,"[4, 8, 16]","[sigmoid, sigmoid, sigmoid, leaky_relu]"
73,7,3.345833,0.02,0.005,"[4, 8, 16]","[sigmoid, sigmoid, sigmoid, leaky_relu]"
73,8,2.8933332,0.01,0.008,"[64, 8, 2, 4]","[relu, leaky_relu, tanh, relu, leaky_relu]"
73,9,3.3071666,0.005,0.002,"[64, 16]","[leaky_relu, tanh, relu]"
73,10,3.3176665,0.005,0.005,"[4, 8, 16]","[sigmoid, sigmoid, sigmoid, leaky_relu]"
73,11,3.2776666,0.005,0.005,"[4, 8, 16]","[sigmoid, sigmoid, sigmoid, leaky_relu]"
74,0,3.4045,0.02,0.005,"[4, 8, 16]","[sigmoid, sigmoid, sigmoid, leaky_relu]"
74,1,3.4093335,0.02,0.002,"[4, 8, 16]","[sigmoid, sigmoid, sigmoid, leaky_relu]"
74,2,2.9033334,0.01,0.002,"[4]","[tanh, softmax]"
74,3,2.906333,0.005,0.005,"[4, 8, 16]","[sigmoid, sigmoid, sigmoid, leaky_relu]"
74,4,3.4513333,0.02,0.002,"[4, 8, 16]","[sigmoid, sigmoid, sigmoid, leaky_relu]"
74,5,3.495,0.02,0.008,"[4, 8, 16]","[sigmoid, sigmoid, sigmoid, leaky_relu]"
74,6,3.4533331,0.05,0.005,"[4, 8, 16]","[sigmoid, sigmoid, sigmoid, leaky_relu]"
74,7,3.312,0.02,0.005,"[4, 8, 16]","[sigmoid, sigmoid, sigmoid, leaky_relu]"
74,8,2.8625,0.005,0.002,"[16]","[leaky_relu, tanh]"
74,9,3.3555,0.01,0.002,"[4, 8, 16]","[sigmoid, sigmoid, sigmoid, leaky_relu]"
74,10,2.9145,0.02,0.008,"[4, 4]","[sigmoid, leaky_relu, tanh]"
74,11,2.8441665,0.02,0.008,"[64, 4, 4, 32]","[leaky_relu, tanh, tanh, softmax, sigmoid]"
75,0,2.797,0.001,0.005,"[8]","[tanh, tanh]"
75,1,3.389833,0.02,0.005,"[4, 8, 16]","[sigmoid, sigmoid, sigmoid, leaky_relu]"
75,2,2.7933333,0.02,0.002,"[32, 8, 32]","[relu, relu, leaky_relu, sigmoid]"
75,3,3.3296666,0.01,0.002,"[4, 8, 16]","[sigmoid, sigmoid, sigmoid, leaky_relu]"
75,4,3.2991664,0.02,0.002,"[4, 8, 16]","[sigmoid, sigmoid, sigmoid, leaky_relu]"
75,5,3.257833,0.02,0.008,"[4, 8, 16]","[sigmoid, sigmoid, sigmoid, leaky_relu]"
75,6,3.4168332,0.02,0.005,"[4, 8, 16]","[sigmoid, sigmoid, sigmoid, leaky_relu]"
75,7,2.9705,0.02,0.005,"[32, 8]","[leaky_relu, sigmoid, relu]"
75,8,2.7953331,0.05,0.002,"[4, 8, 16]","[sigmoid, sigmoid, sigmoid, leaky_relu]"
75,9,3.3476665,0.01,0.002,"[4, 8, 16]","[sigmoid, sigmoid, sigmoid, leaky_relu]"
75,10,3.1735,0.02,0.008,"[4, 32]","[relu, tanh, leaky_relu]"
75,11,3.223,0.02,0.008,"[4, 8, 16]","[sigmoid, sigmoid, sigmoid, leaky_relu]"
76,0,3.298,0.02,0.005,"[4, 8, 16]","[sigmoid, sigmoid, sigmoid, leaky_relu]"
76,1,3.3113332,0.005,0.002,"[4, 8, 16]","[sigmoid, sigmoid, sigmoid, leaky_relu]"
76,2,3.3524997,0.02,0.008,"[4, 8, 16]","[sigmoid, sigmoid, sigmoid, leaky_relu]"
76,3,3.3248332,0.02,0.005,"[4, 8, 16]","[sigmoid, sigmoid, sigmoid, leaky_relu]"
76,4,3.5241666,0.01,0.002,"[4, 8, 16]","[sigmoid, sigmoid, sigmoid, leaky_relu]"
76,5,3.095,0.02,0.008,"[16, 16]","[tanh, relu, relu]"
76,6,3.4243333,0.02,0.002,"[4, 8, 16]","[sigmoid, sigmoid, sigmoid, leaky_relu]"
76,7,2.7913332,0.01,0.002,"[64, 32, 8]","[tanh, leaky_relu, sigmoid, tanh]"
76,8,3.1621666,0.02,0.008,"[4, 8, 16]","[sigmoid, sigmoid, sigmoid, leaky_relu]"
76,9,3.4149997,0.02,0.005,"[4, 8, 16]","[sigmoid, sigmoid, sigmoid, leaky_relu]"
76,10,3.2921665,0.01,0.002,"[4, 8, 16]","[sigmoid, sigmoid, sigmoid, leaky_relu]"
76,11,3.3525,0.02,0.002,"[4, 8, 16]","[sigmoid, sigmoid, sigmoid, leaky_relu]"
77,0,2.9735,0.02,0.001,"[4, 8, 16]","[sigmoid, sigmoid, sigmoid, leaky_relu]"
77,1,3.4225,0.02,0.002,"[4, 8, 16]","[sigmoid, sigmoid, sigmoid, leaky_relu]"
77,2,3.2965,0.02,0.005,"[4, 8, 16]","[sigmoid, sigmoid, sigmoid, leaky_relu]"
77,3,3.3058333,0.01,0.002,"[4, 8, 16]","[sigmoid, sigmoid, sigmoid, leaky_relu]"
77,4,3.2478333,0.02,0.001,"[4, 8, 16]","[sigmoid, sigmoid, sigmoid, leaky_relu]"
77,5,3.327,0.02,0.005,"[4, 8, 16]","[sigmoid, sigmoid, sigmoid, leaky_relu]"
77,6,3.4426665,0.02,0.002,"[4, 8, 16]","[sigmoid, sigmoid, sigmoid, leaky_relu]"
77,7,3.4466665,0.02,0.002,"[4, 8, 16]","[sigmoid, sigmoid, sigmoid, leaky_relu]"
77,8,2.9006665,0.02,0.002,"[64, 2, 64]","[sigmoid, sigmoid, sigmoid, softmax]"
77,9,3.2803333,0.01,0.005,"[4, 8, 16]","[sigmoid, sigmoid, sigmoid, leaky_relu]"
77,10,3.2643332,0.02,0.008,"[4, 8, 16]","[sigmoid, sigmoid, sigmoid, leaky_relu]"
77,11,2.655,0.02,0.005,"[4, 64, 64, 64]","[leaky_relu, sigmoid, softmax, leaky_relu, sigmoid]"
78,0,3.345,0.02,0.002,"[4, 8, 16]","[sigmoid, sigmoid, sigmoid, leaky_relu]"
78,1,3.0601666,0.02,0.005,"[8, 64, 8, 4]","[relu, softmax, relu, tanh, relu]"
78,2,2.7081668,0.01,0.002,"[4]","[leaky_relu, relu]"
78,3,3.1233332,0.02,0.002,"[8, 64]","[sigmoid, sigmoid, leaky_relu]"
78,4,2.7495,0.02,0.002,"[16]","[tanh, leaky_relu]"
78,5,3.3728333,0.02,0.005,"[4, 8, 16]","[sigmoid, sigmoid, sigmoid, leaky_relu]"
78,6,3.423333,0.02,0.002,"[4, 8, 16]","[sigmoid, sigmoid, sigmoid, leaky_relu]"
78,7,3.1631668,0.02,0.002,"[32, 32]","[leaky_relu, tanh, relu]"
78,8,3.3939998,0.02,0.002,"[4, 8, 16]","[sigmoid, sigmoid, sigmoid, leaky_relu]"
78,9,3.2341666,0.01,0.002,"[4, 8, 16]","[sigmoid, sigmoid, sigmoid, leaky_relu]"
78,10,3.0243332,0.02,0.002,"[4, 8, 16]","[sigmoid, sigmoid, sigmoid, leaky_relu]"
78,11,3.4221666,0.02,0.005,"[4, 8, 16]","[sigmoid, sigmoid, sigmoid, leaky_relu]"
79,0,3.378333,0.02,0.002,"[4, 8, 16]","[sigmoid, sigmoid, sigmoid, leaky_relu]"
79,1,3.0635,0.02,0.005,"[4, 8, 16]","[sigmoid, sigmoid, sigmoid, leaky_relu]"
79,2,3.3633335,0.01,0.002,"[4, 8, 16]","[sigmoid, sigmoid, sigmoid, leaky_relu]"
79,3,3.2266665,0.02,0.002,"[4, 8, 16]","[sigmoid, sigmoid, sigmoid, leaky_relu]"
79,4,3.5418332,0.02,0.005,"[4, 8, 16]","[sigmoid, sigmoid, sigmoid, leaky_relu]"
79,5,2.7901666,0.001,0.002,"[4, 8, 16]","[sigmoid, sigmoid, sigmoid, leaky_relu]"
79,6,3.256,0.02,0.002,"[4, 8, 16]","[sigmoid, sigmoid, sigmoid, leaky_relu]"
79,7,3.0273333,0.02,0.005,"[4, 8, 16]","[sigmoid, sigmoid, sigmoid, leaky_relu]"
79,8,3.3618333,0.01,0.002,"[4, 8, 16]","[sigmoid, sigmoid, sigmoid, leaky_relu]"
79,9,3.2431664,0.01,0.002,"[4, 8, 16]","[sigmoid, sigmoid, sigmoid, leaky_relu]"
79,10,2.8444998,0.02,0.002,"[2, 2]","[leaky_relu, leaky_relu, leaky_relu]"
79,11,2.991,0.02,0.002,"[16]","[tanh, sigmoid]"
80,0,3.4021666,0.02,0.002,"[4, 8, 16]","[sigmoid, sigmoid, sigmoid, leaky_relu]"
80,1,3.471333,0.01,0.005,"[4, 8, 16]","[sigmoid, sigmoid, sigmoid, leaky_relu]"
80,2,2.8995,0.01,0.002,"[64, 4, 8]","[leaky_relu, relu, sigmoid, softmax]"
80,3,3.4335,0.02,0.002,"[4, 8, 16]","[sigmoid, sigmoid, sigmoid, leaky_relu]"
80,4,3.3141665,0.01,0.002,"[4, 8, 16]","[sigmoid, sigmoid, sigmoid, leaky_relu]"
80,5,3.607333,0.01,0.002,"[4, 8, 16]","[sigmoid, sigmoid, sigmoid, leaky_relu]"
80,6,3.3553333,0.02,0.002,"[4, 8, 16]","[sigmoid, sigmoid, sigmoid, leaky_relu]"
80,7,3.4265,0.02,0.005,"[4, 8, 16]","[sigmoid, sigmoid, sigmoid, leaky_relu]"
80,8,3.3483334,0.02,0.002,"[4, 8, 16]","[sigmoid, sigmoid, sigmoid, leaky_relu]"
80,9,2.912,0.01,0.002,"[32, 32, 32]","[relu, softmax, relu, relu]"
80,10,3.3448331,0.01,0.002,"[4, 8, 16]","[sigmoid, sigmoid, sigmoid, leaky_relu]"
80,11,3.4111664,0.01,0.002,"[4, 8, 16]","[sigmoid, sigmoid, sigmoid, leaky_relu]"
81,0,3.3916664,0.01,0.005,"[4, 8, 16]","[sigmoid, sigmoid, sigmoid, leaky_relu]"
81,1,2.8995,0.02,0.005,"[64, 32]","[leaky_relu, relu, relu]"
81,2,3.3738332,0.01,0.002,"[4, 8, 16]","[sigmoid, sigmoid, sigmoid, leaky_relu]"
81,3,2.9226665,0.01,0.002,"[4, 8, 16]","[sigmoid, sigmoid, sigmoid, leaky_relu]"
81,4,3.3908331,0.02,0.002,"[4, 8, 16]","[sigmoid, sigmoid, sigmoid, leaky_relu]"
81,5,3.382,0.02,0.002,"[4, 8, 16]","[sigmoid, sigmoid, sigmoid, leaky_relu]"
81,6,3.255,0.01,0.005,"[4, 8, 16]","[sigmoid, sigmoid, sigmoid, leaky_relu]"
81,7,3.3941665,0.02,0.005,"[4, 8, 16]","[sigmoid, sigmoid, sigmoid, leaky_relu]"
81,8,3.395,0.01,0.002,"[4, 8, 16]","[sigmoid, sigmoid, sigmoid, leaky_relu]"
81,9,3.055,0.01,0.002,"[16, 4, 16, 64]","[softmax, relu, leaky_relu, relu, relu]"
81,10,3.3056664,0.02,0.002,"[4, 8, 16]","[sigmoid, sigmoid, sigmoid, leaky_relu]"
81,11,2.9446664,0.02,0.002,"[4, 8, 16]","[sigmoid, sigmoid, sigmoid, leaky_relu]"
82,0,3.075,0.02,0.002,"[4, 8, 16]","[sigmoid, sigmoid, sigmoid, leaky_relu]"
82,1,3.1693332,0.01,0.01,"[4, 8, 16]","[sigmoid, sigmoid, sigmoid, leaky_relu]"
82,2,3.509,0.01,0.002,"[4, 8, 16]","[sigmoid, sigmoid, sigmoid, leaky_relu]"
82,3,3.4519997,0.01,0.005,"[4, 8, 16]","[sigmoid, sigmoid, sigmoid, leaky_relu]"
82,4,3.2386665,0.02,0.002,"[4, 8, 16]","[sigmoid, sigmoid, sigmoid, leaky_relu]"
82,5,3.486,0.02,0.005,"[4, 8, 16]","[sigmoid, sigmoid, sigmoid, leaky_relu]"
82,6,3.2035,0.01,0.002,"[4, 8, 16]","[sigmoid, sigmoid, sigmoid, leaky_relu]"
82,7,3.4301665,0.01,0.002,"[4, 8, 16]","[sigmoid, sigmoid, sigmoid, leaky_relu]"
82,8,3.4476664,0.01,0.002,"[4, 8, 16]","[sigmoid, sigmoid, sigmoid, leaky_relu]"
82,9,3.344833,0.01,0.002,"[4, 8, 16]","[sigmoid, sigmoid, sigmoid, leaky_relu]"
82,10,3.3756666,0.02,0.005,"[4, 8, 16]","[sigmoid, sigmoid, sigmoid, leaky_relu]"
82,11,3.1863332,0.05,0.005,"[4, 8, 16]","[sigmoid, sigmoid, sigmoid, leaky_relu]"
83,0,2.8351665,0.02,0.005,"[2, 64, 16]","[tanh, tanh, tanh, softmax]"
83,1,3.3809998,0.02,0.005,"[4, 8, 16]","[sigmoid, sigmoid, sigmoid, leaky_relu]"
83,2,3.1748333,0.01,0.002,"[4, 8, 16]","[sigmoid, sigmoid, sigmoid, leaky_relu]"
83,3,3.4718332,0.01,0.002,"[4, 8, 16]","[sigmoid, sigmoid, sigmoid, leaky_relu]"
83,4,3.4896665,0.01,0.002,"[4, 8, 16]","[sigmoid, sigmoid, sigmoid, leaky_relu]"
83,5,2.8495,0.01,0.005,"[2, 32]","[leaky_relu, softmax, tanh]"
83,6,2.819,0.02,0.002,"[4, 8, 16]","[sigmoid, sigmoid, sigmoid, leaky_relu]"
83,7,3.5113332,0.02,0.005,"[4, 8, 16]","[sigmoid, sigmoid, sigmoid, leaky_relu]"
83,8,2.9138331,0.01,0.002,"[16, 16, 4]","[relu, sigmoid, softmax, leaky_relu]"
83,9,2.93,0.01,0.002,"[32]","[relu, sigmoid]"
83,10,2.7728336,0.01,0.002,"[4, 8, 16]","[sigmoid, sigmoid, sigmoid, leaky_relu]"
83,11,3.391,0.01,0.005,"[4, 8, 16]","[sigmoid, sigmoid, sigmoid, leaky_relu]"
84,0,3.4046664,0.02,0.005,"[4, 8, 16]","[sigmoid, sigmoid, sigmoid, leaky_relu]"
84,1,3.4131665,0.01,0.002,"[4, 8, 16]","[sigmoid, sigmoid, sigmoid, leaky_relu]"
84,2,3.364,0.01,0.002,"[4, 8, 16]","[sigmoid, sigmoid, sigmoid, leaky_relu]"
84,3,3.1695,0.01,0.005,"[4, 8, 16]","[sigmoid, sigmoid, sigmoid, leaky_relu]"
84,4,3.3273332,0.02,0.005,"[4, 8, 16]","[sigmoid, sigmoid, sigmoid, leaky_relu]"
84,5,3.270333,0.01,0.002,"[4, 8, 16]","[sigmoid, sigmoid, sigmoid, leaky_relu]"
84,6,3.4213333,0.01,0.002,"[4, 8, 16]","[sigmoid, sigmoid, sigmoid, leaky_relu]"
84,7,3.258,0.01,0.005,"[4, 8, 16]","[sigmoid, sigmoid, sigmoid, leaky_relu]"
84,8,3.3915,0.01,0.005,"[4, 8, 16]","[sigmoid, sigmoid, sigmoid, leaky_relu]"
84,9,3.3946664,0.005,0.002,"[4, 8, 16]","[sigmoid, sigmoid, sigmoid, leaky_relu]"
84,10,3.2659998,0.01,0.005,"[4, 8, 16]","[sigmoid, sigmoid, sigmoid, leaky_relu]"
84,11,3.3475,0.01,0.008,"[4, 8, 16]","[sigmoid, sigmoid, sigmoid, leaky_relu]"
85,0,3.4185,0.01,0.002,"[4, 8, 16]","[sigmoid, sigmoid, sigmoid, leaky_relu]"
85,1,3.1433332,0.01,0.001,"[4, 8, 16]","[sigmoid, sigmoid, sigmoid, leaky_relu]"
85,2,3.340333,0.005,0.002,"[4, 8, 16]","[sigmoid, sigmoid, sigmoid, leaky_relu]"
85,3,3.3413332,0.05,0.002,"[4, 8, 16]","[sigmoid, sigmoid, sigmoid, leaky_relu]"
85,4,3.0788333,0.02,0.005,"[64, 64, 2]","[relu, tanh, softmax, softmax]"
85,5,3.0111666,0.01,0.002,"[4, 8, 16]","[sigmoid, sigmoid, sigmoid, leaky_relu]"
85,6,3.3323333,0.01,0.002,"[4, 8, 16]","[sigmoid, sigmoid, sigmoid, leaky_relu]"
85,7,2.8338335,0.01,0.002,"[4, 8, 16]","[sigmoid, sigmoid, sigmoid, leaky_relu]"
85,8,3.1993332,0.005,0.002,"[4, 8, 16]","[sigmoid, sigmoid, sigmoid, leaky_relu]"
85,9,3.3911664,0.01,0.002,"[4, 8, 16]","[sigmoid, sigmoid, sigmoid, leaky_relu]"
85,10,3.3103335,0.02,0.005,"[4, 8, 16]","[sigmoid, sigmoid, sigmoid, leaky_relu]"
85,11,2.851,0.02,0.002,"[2]","[leaky_relu, softmax]"
86,0,2.9138331,0.005,0.002,"[4, 8, 16]","[sigmoid, sigmoid, sigmoid, leaky_relu]"
86,1,3.3061664,0.02,0.005,"[4, 8, 16]","[sigmoid, sigmoid, sigmoid, leaky_relu]"
86,2,2.8691666,0.01,0.002,"[4, 8, 16]","[sigmoid, sigmoid, sigmoid, leaky_relu]"
86,3,3.4718332,0.02,0.002,"[4, 8, 16]","[sigmoid, sigmoid, sigmoid, leaky_relu]"
86,4,3.455,0.01,0.002,"[4, 8, 16]","[sigmoid, sigmoid, sigmoid, leaky_relu]"
86,5,3.3495,0.01,0.002,"[4, 8, 16]","[sigmoid, sigmoid, sigmoid, leaky_relu]"
86,6,3.3311665,0.005,0.002,"[4, 8, 16]","[sigmoid, sigmoid, sigmoid, leaky_relu]"
86,7,3.2971666,0.02,0.002,"[4, 8, 16]","[sigmoid, sigmoid, sigmoid, leaky_relu]"
86,8,2.964,0.05,0.002,"[4, 4]","[softmax, leaky_relu, leaky_relu]"
86,9,2.9668334,0.05,0.002,"[64]","[relu, leaky_relu]"
86,10,2.9993331,0.05,0.002,"[4, 8, 16]","[sigmoid, sigmoid, sigmoid, leaky_relu]"
86,11,3.5221665,0.01,0.002,"[4, 8, 16]","[sigmoid, sigmoid, sigmoid, leaky_relu]"
87,0,3.6108332,0.02,0.002,"[4, 8, 16]","[sigmoid, sigmoid, sigmoid, leaky_relu]"
87,1,3.5291665,0.01,0.002,"[4, 8, 16]","[sigmoid, sigmoid, sigmoid, leaky_relu]"
87,2,3.4586668,0.01,0.002,"[4, 8, 16]","[sigmoid, sigmoid, sigmoid, leaky_relu]"
87,3,2.8608332,0.02,0.005,"[2, 32, 32]","[leaky_relu, leaky_relu, tanh, relu]"
87,4,2.9711668,0.005,0.002,"[32, 2]","[sigmoid, sigmoid, relu]"
87,5,2.8411665,0.01,0.002,"[4, 64]","[tanh, tanh, sigmoid]"
87,6,2.94,0.01,0.002,"[8]","[relu, tanh]"
87,7,3.447333,0.02,0.002,"[4, 8, 16]","[sigmoid, sigmoid, sigmoid, leaky_relu]"
87,8,3.3126664,0.01,0.002,"[4, 8, 16]","[sigmoid, sigmoid, sigmoid, leaky_relu]"
87,9,3.4229999,0.02,0.002,"[4, 8, 16]","[sigmoid, sigmoid, sigmoid, leaky_relu]"
87,10,2.9278333,0.01,0.002,"[16, 16, 8]","[tanh, tanh, softmax, leaky_relu]"
87,11,3.224833,0.01,0.005,"[4, 8, 16]","[sigmoid, sigmoid, sigmoid, leaky_relu]"
88,0,3.439333,0.01,0.002,"[4, 8, 16]","[sigmoid, sigmoid, sigmoid, leaky_relu]"
88,1,3.3475,0.01,0.002,"[4, 8, 16]","[sigmoid, sigmoid, sigmoid, leaky_relu]"
88,2,3.2038333,0.02,0.002,"[4, 8, 16]","[sigmoid, sigmoid, sigmoid, leaky_relu]"
88,3,3.2935,0.05,0.002,"[4, 8, 16]","[sigmoid, sigmoid, sigmoid, leaky_relu]"
88,4,3.3089998,0.01,0.002,"[4, 8, 16]","[sigmoid, sigmoid, sigmoid, leaky_relu]"
88,5,2.883,0.01,0.002,"[32]","[softmax, leaky_relu]"
88,6,2.8838332,0.01,0.002,"[4, 4, 32, 16]","[relu, leaky_relu, sigmoid, sigmoid, softmax]"
88,7,2.9593332,0.01,0.002,"[16, 16]","[relu, tanh, tanh]"
88,8,3.255,0.02,0.002,"[4, 8, 16]","[sigmoid, sigmoid, sigmoid, leaky_relu]"
88,9,2.8616664,0.05,0.002,"[16, 2, 16, 4]","[sigmoid, tanh, relu, tanh, softmax]"
88,10,3.3261664,0.01,0.002,"[4, 8, 16]","[sigmoid, sigmoid, sigmoid, leaky_relu]"
88,11,3.5083332,0.02,0.002,"[4, 8, 16]","[sigmoid, sigmoid, sigmoid, leaky_relu]"
89,0,3.3631666,0.02,0.002,"[4, 8, 16]","[sigmoid, sigmoid, sigmoid, leaky_relu]"
89,1,3.4208333,0.01,0.002,"[4, 8, 16]","[sigmoid, sigmoid, sigmoid, leaky_relu]"
89,2,2.8923333,0.05,0.002,"[4, 8, 16]","[sigmoid, sigmoid, sigmoid, leaky_relu]"
89,3,3.364,0.01,0.002,"[4, 8, 16]","[sigmoid, sigmoid, sigmoid, leaky_relu]"
89,4,2.993,0.01,0.002,"[4, 8, 16]","[sigmoid, sigmoid, sigmoid, leaky_relu]"
89,5,3.2388332,0.01,0.002,"[4, 8, 16]","[sigmoid, sigmoid, sigmoid, leaky_relu]"
89,6,3.4456666,0.01,0.002,"[4, 8, 16]","[sigmoid, sigmoid, sigmoid, leaky_relu]"
89,7,2.8245,0.02,0.002,"[4, 8, 16]","[sigmoid, sigmoid, sigmoid, leaky_relu]"
89,8,3.2426665,0.05,0.01,"[4, 8, 16]","[sigmoid, sigmoid, sigmoid, leaky_relu]"
89,9,3.2443333,0.01,0.002,"[4, 8, 16]","[sigmoid, sigmoid, sigmoid, leaky_relu]"
89,10,3.3909998,0.01,0.002,"[4, 8, 16]","[sigmoid, sigmoid, sigmoid, leaky_relu]"
89,11,2.8906665,0.01,0.001,"[2]","[tanh, relu]"
90,0,3.3035,0.05,0.002,"[4, 8, 16]","[sigmoid, sigmoid, sigmoid, leaky_relu]"
90,1,3.250833,0.01,0.005,"[4, 8, 16]","[sigmoid, sigmoid, sigmoid, leaky_relu]"
90,2,3.367333,0.01,0.002,"[4, 8, 16]","[sigmoid, sigmoid, sigmoid, leaky_relu]"
90,3,2.8433332,0.02,0.002,"[8, 32, 4, 64]","[sigmoid, softmax, tanh, relu, sigmoid]"
90,4,3.5003333,0.01,0.002,"[4, 8, 16]","[sigmoid, sigmoid, sigmoid, leaky_relu]"
90,5,3.3661666,0.01,0.005,"[4, 8, 16]","[sigmoid, sigmoid, sigmoid, leaky_relu]"
90,6,3.1516664,0.01,0.008,"[4, 8, 16]","[sigmoid, sigmoid, sigmoid, leaky_relu]"
90,7,3.0098333,0.01,0.01,"[4, 8, 16]","[sigmoid, sigmoid, sigmoid, leaky_relu]"
90,8,3.254833,0.02,0.002,"[4, 8, 16]","[sigmoid, sigmoid, sigmoid, leaky_relu]"
90,9,2.9041667,0.01,0.002,"[16]","[tanh, sigmoid]"
90,10,2.8265,0.01,0.002,"[4]","[softmax, relu]"
90,11,3.0561664,0.001,0.002,"[4, 8, 16]","[sigmoid, sigmoid, sigmoid, leaky_relu]"
91,0,3.458833,0.01,0.002,"[4, 8, 16]","[sigmoid, sigmoid, sigmoid, leaky_relu]"
91,1,3.3905,0.02,0.002,"[4, 8, 16]","[sigmoid, sigmoid, sigmoid, leaky_relu]"
91,2,3.373,0.01,0.005,"[4, 8, 16]","[sigmoid, sigmoid, sigmoid, leaky_relu]"
91,3,3.2096665,0.05,0.002,"[4, 8, 16]","[sigmoid, sigmoid, sigmoid, leaky_relu]"
91,4,3.0783331,0.01,0.002,"[16, 32, 4]","[softmax, relu, softmax, leaky_relu]"
91,5,3.371,0.01,0.005,"[4, 8, 16]","[sigmoid, sigmoid, sigmoid, leaky_relu]"
91,6,3.1711664,0.01,0.002,"[4, 8, 16]","[sigmoid, sigmoid, sigmoid, leaky_relu]"
91,7,3.4261665,0.01,0.002,"[4, 8, 16]","[sigmoid, sigmoid, sigmoid, leaky_relu]"
91,8,3.1683333,0.01,0.005,"[4, 8, 16]","[sigmoid, sigmoid, sigmoid, leaky_relu]"
91,9,2.9896665,0.01,0.002,"[4, 8, 64]","[tanh, relu, relu, relu]"
91,10,2.8328333,0.01,0.005,"[2]","[relu, softmax]"
91,11,3.4928331,0.01,0.002,"[4, 8, 16]","[sigmoid, sigmoid, sigmoid, leaky_relu]"
92,0,3.3729997,0.01,0.002,"[4, 8, 16]","[sigmoid, sigmoid, sigmoid, leaky_relu]"
92,1,3.387,0.01,0.002,"[4, 8, 16]","[sigmoid, sigmoid, sigmoid, leaky_relu]"
92,2,3.125,0.02,0.002,"[4, 8, 16]","[sigmoid, sigmoid, sigmoid, leaky_relu]"
92,3,2.8553333,0.01,0.002,"[2, 32]","[softmax, tanh, softmax]"
92,4,2.8695,0.01,0.005,"[32]","[tanh, tanh]"
92,5,3.0241666,0.01,0.005,"[32, 32, 8, 2]","[tanh, relu, sigmoid, softmax, softmax]"
92,6,3.034,0.01,0.005,"[32, 32, 16]","[leaky_relu, softmax, sigmoid, relu]"
92,7,3.5136664,0.01,0.002,"[4, 8, 16]","[sigmoid, sigmoid, sigmoid, leaky_relu]"
92,8,3.317,0.02,0.002,"[4, 8, 16]","[sigmoid, sigmoid, sigmoid, leaky_relu]"
92,9,3.2663333,0.02,0.002,"[4, 8, 16]","[sigmoid, sigmoid, sigmoid, leaky_relu]"
92,10,2.8553336,0.01,0.005,"[2, 64, 2, 8]","[sigmoid, softmax, tanh, leaky_relu, relu]"
92,11,3.1775,0.01,0.005,"[4, 8, 16]","[sigmoid, sigmoid, sigmoid, leaky_relu]"
93,0,3.0743332,0.001,0.002,"[4, 8, 16]","[sigmoid, sigmoid, sigmoid, leaky_relu]"
93,1,3.321,0.02,0.002,"[4, 8, 16]","[sigmoid, sigmoid, sigmoid, leaky_relu]"
93,2,3.475,0.01,0.005,"[4, 8, 16]","[sigmoid, sigmoid, sigmoid, leaky_relu]"
93,3,3.2965,0.05,0.002,"[4, 8, 16]","[sigmoid, sigmoid, sigmoid, leaky_relu]"
93,4,3.4063332,0.02,0.005,"[4, 8, 16]","[sigmoid, sigmoid, sigmoid, leaky_relu]"
93,5,3.0481665,0.01,0.01,"[4, 8, 16]","[sigmoid, sigmoid, sigmoid, leaky_relu]"
93,6,3.3546665,0.02,0.002,"[4, 8, 16]","[sigmoid, sigmoid, sigmoid, leaky_relu]"
93,7,2.8391664,0.02,0.002,"[32, 32]","[relu, relu, softmax]"
93,8,3.3824997,0.01,0.002,"[4, 8, 16]","[sigmoid, sigmoid, sigmoid, leaky_relu]"
93,9,3.245833,0.01,0.002,"[4, 8, 16]","[sigmoid, sigmoid, sigmoid, leaky_relu]"
93,10,3.280333,0.01,0.002,"[4, 8, 16]","[sigmoid, sigmoid, sigmoid, leaky_relu]"
93,11,3.349,0.01,0.002,"[4, 8, 16]","[sigmoid, sigmoid, sigmoid, leaky_relu]"
94,0,3.3138332,0.02,0.002,"[4, 8, 16]","[sigmoid, sigmoid, sigmoid, leaky_relu]"
94,1,3.4165,0.01,0.002,"[4, 8, 16]","[sigmoid, sigmoid, sigmoid, leaky_relu]"
94,2,3.182,0.01,0.002,"[4, 8, 16]","[sigmoid, sigmoid, sigmoid, leaky_relu]"
94,3,3.4916666,0.01,0.005,"[4, 8, 16]","[sigmoid, sigmoid, sigmoid, leaky_relu]"
94,4,3.2658331,0.02,0.01,"[4, 8, 16]","[sigmoid, sigmoid, sigmoid, leaky_relu]"
94,5,3.3646665,0.02,0.005,"[4, 8, 16]","[sigmoid, sigmoid, sigmoid, leaky_relu]"
94,6,3.0103333,0.02,0.002,"[4, 8, 16]","[sigmoid, sigmoid, sigmoid, leaky_relu]"
94,7,3.2556667,0.02,0.002,"[4, 8, 16]","[sigmoid, sigmoid, sigmoid, leaky_relu]"
94,8,3.309,0.01,0.005,"[4, 8, 16]","[sigmoid, sigmoid, sigmoid, leaky_relu]"
94,9,3.4055,0.05,0.002,"[4, 8, 16]","[sigmoid, sigmoid, sigmoid, leaky_relu]"
94,10,3.3188334,0.02,0.002,"[4, 8, 16]","[sigmoid, sigmoid, sigmoid, leaky_relu]"
94,11,3.4316666,0.02,0.005,"[4, 8, 16]","[sigmoid, sigmoid, sigmoid, leaky_relu]"
95,0,3.2438333,0.05,0.002,"[4, 8, 16]","[sigmoid, sigmoid, sigmoid, leaky_relu]"
95,1,3.386,0.02,0.002,"[4, 8, 16]","[sigmoid, sigmoid, sigmoid, leaky_relu]"
95,2,3.4655,0.01,0.002,"[4, 8, 16]","[sigmoid, sigmoid, sigmoid, leaky_relu]"
95,3,3.5006666,0.02,0.002,"[4, 8, 16]","[sigmoid, sigmoid, sigmoid, leaky_relu]"
95,4,3.4335,0.02,0.005,"[4, 8, 16]","[sigmoid, sigmoid, sigmoid, leaky_relu]"
95,5,3.2541666,0.01,0.005,"[4, 8, 16]","[sigmoid, sigmoid, sigmoid, leaky_relu]"
95,6,3.3658333,0.05,0.005,"[4, 8, 16]","[sigmoid, sigmoid, sigmoid, leaky_relu]"
95,7,3.324,0.02,0.002,"[4, 8, 16]","[sigmoid, sigmoid, sigmoid, leaky_relu]"
95,8,3.505,0.01,0.002,"[4, 8, 16]","[sigmoid, sigmoid, sigmoid, leaky_relu]"
95,9,3.3758333,0.01,0.002,"[4, 8, 16]","[sigmoid, sigmoid, sigmoid, leaky_relu]"
95,10,3.2629998,0.01,0.005,"[4, 8, 16]","[sigmoid, sigmoid, sigmoid, leaky_relu]"
95,11,3.4396665,0.01,0.005,"[4, 8, 16]","[sigmoid, sigmoid, sigmoid, leaky_relu]"
96,0,3.4516666,0.01,0.002,"[4, 8, 16]","[sigmoid, sigmoid, sigmoid, leaky_relu]"
96,1,3.2086666,0.02,0.002,"[4, 8, 16]","[sigmoid, sigmoid, sigmoid, leaky_relu]"
96,2,2.8411665,0.01,0.005,"[32, 64, 4, 64]","[sigmoid, sigmoid, sigmoid, relu, softmax]"
96,3,2.8545,0.02,0.002,"[32, 4]","[softmax, sigmoid, tanh]"
96,4,3.2635,0.01,0.002,"[4, 8, 16]","[sigmoid, sigmoid, sigmoid, leaky_relu]"
96,5,3.5036664,0.02,0.005,"[4, 8, 16]","[sigmoid, sigmoid, sigmoid, leaky_relu]"
96,6,3.4373333,0.02,0.002,"[4, 8, 16]","[sigmoid, sigmoid, sigmoid, leaky_relu]"
96,7,3.3816664,0.02,0.002,"[4, 8, 16]","[sigmoid, sigmoid, sigmoid, leaky_relu]"
96,8,3.4113333,0.01,0.005,"[4, 8, 16]","[sigmoid, sigmoid, sigmoid, leaky_relu]"
96,9,2.7595,0.001,0.002,"[4, 8, 16]","[sigmoid, sigmoid, sigmoid, leaky_relu]"
96,10,3.3263333,0.01,0.002,"[4, 8, 16]","[sigmoid, sigmoid, sigmoid, leaky_relu]"
96,11,3.375,0.01,0.005,"[4, 8, 16]","[sigmoid, sigmoid, sigmoid, leaky_relu]"
97,0,3.3691666,0.02,0.002,"[4, 8, 16]","[sigmoid, sigmoid, sigmoid, leaky_relu]"
97,1,3.2245,0.01,0.005,"[4, 8, 16]","[sigmoid, sigmoid, sigmoid, leaky_relu]"
97,2,3.486833,0.02,0.002,"[4, 8, 16]","[sigmoid, sigmoid, sigmoid, leaky_relu]"
97,3,3.3053331,0.02,0.005,"[4, 8, 16]","[sigmoid, sigmoid, sigmoid, leaky_relu]"
97,4,3.5351665,0.01,0.002,"[4, 8, 16]","[sigmoid, sigmoid, sigmoid, leaky_relu]"
97,5,3.2964997,0.01,0.005,"[4, 8, 16]","[sigmoid, sigmoid, sigmoid, leaky_relu]"
97,6,2.8156664,0.01,0.002,"[64]","[sigmoid, relu]"
97,7,2.8941665,0.02,0.002,"[8]","[relu, tanh]"
97,8,2.8478334,0.02,0.005,"[4, 8, 16]","[sigmoid, sigmoid, sigmoid, leaky_relu]"
97,9,3.2991664,0.02,0.002,"[4, 8, 16]","[sigmoid, sigmoid, sigmoid, leaky_relu]"
97,10,3.3956666,0.01,0.005,"[4, 8, 16]","[sigmoid, sigmoid, sigmoid, leaky_relu]"
97,11,2.8548336,0.001,0.001,"[8, 8, 32]","[relu, softmax, relu, softmax]"
98,0,3.3156664,0.02,0.005,"[4, 8, 16]","[sigmoid, sigmoid, sigmoid, leaky_relu]"
98,1,3.3851664,0.02,0.002,"[4, 8, 16]","[sigmoid, sigmoid, sigmoid, leaky_relu]"
98,2,2.8648336,0.01,0.005,"[4, 8, 16]","[sigmoid, sigmoid, sigmoid, leaky_relu]"
98,3,3.3509998,0.02,0.002,"[4, 8, 16]","[sigmoid, sigmoid, sigmoid, leaky_relu]"
98,4,3.3389997,0.02,0.002,"[4, 8, 16]","[sigmoid, sigmoid, sigmoid, leaky_relu]"
98,5,3.3956666,0.01,0.002,"[4, 8, 16]","[sigmoid, sigmoid, sigmoid, leaky_relu]"
98,6,3.3693333,0.02,0.005,"[4, 8, 16]","[sigmoid, sigmoid, sigmoid, leaky_relu]"
98,7,2.8966665,0.02,0.005,"[8, 32, 64]","[relu, sigmoid, leaky_relu, softmax]"
98,8,3.371,0.01,0.008,"[4, 8, 16]","[sigmoid, sigmoid, sigmoid, leaky_relu]"
98,9,3.52,0.02,0.002,"[4, 8, 16]","[sigmoid, sigmoid, sigmoid, leaky_relu]"
98,10,3.3878334,0.02,0.002,"[4, 8, 16]","[sigmoid, sigmoid, sigmoid, leaky_relu]"
98,11,3.3751667,0.02,0.002,"[4, 8, 16]","[sigmoid, sigmoid, sigmoid, leaky_relu]"
99,0,2.9131665,0.01,0.002,"[4, 8, 16]","[sigmoid, sigmoid, sigmoid, leaky_relu]"
99,1,3.2701664,0.02,0.002,"[4, 8, 16]","[sigmoid, sigmoid, sigmoid, leaky_relu]"
99,2,3.3536668,0.02,0.002,"[4, 8, 16]","[sigmoid, sigmoid, sigmoid, leaky_relu]"
99,3,3.367,0.02,0.002,"[4, 8, 16]","[sigmoid, sigmoid, sigmoid, leaky_relu]"
99,4,3.2176664,0.02,0.002,"[4, 8, 16]","[sigmoid, sigmoid, sigmoid, leaky_relu]"
99,5,3.381,0.01,0.008,"[4, 8, 16]","[sigmoid, sigmoid, sigmoid, leaky_relu]"
99,6,3.506,0.01,0.002,"[4, 8, 16]","[sigmoid, sigmoid, sigmoid, leaky_relu]"
99,7,2.886,0.01,0.002,"[4, 2, 16]","[sigmoid, relu, tanh, leaky_relu]"
99,8,3.144,0.02,0.002,"[4, 8, 16]","[sigmoid, sigmoid, sigmoid, leaky_relu]"
99,9,3.2855,0.02,0.002,"[4, 8, 16]","[sigmoid, sigmoid, sigmoid, leaky_relu]"
99,10,3.2678332,0.02,0.008,"[4, 8, 16]","[sigmoid, sigmoid, sigmoid, leaky_relu]"
99,11,3.3896666,0.02,0.002,"[4, 8, 16]","[sigmoid, sigmoid, sigmoid, leaky_relu]"
